subStyleCode,basicAttributeValue
original-love-kit-1,https://cdn.shopify.com/s/files/1/0169/0425/7590/files/RR-Ad1.jpg?v=1769148204
original-love-kit-2,https://cdn.shopify.com/s/files/1/0169/0425/7590/files/OG_Love_Sweats.png?v=1769148204
original-love-kit-3,https://cdn.shopify.com/s/files/1/0169/0425/7590/files/Original_Love_Hoodie.png?v=1769148204
original-love-kit-4,https://cdn.shopify.com/s/files/1/0169/0425/7590/files/urban_woman_1.png?v=1769153191
original-love-kit-5,https://cdn.shopify.com/s/files/1/0169/0425/7590/files/urban_man_cohesive.png?v=1769152783
original-love-kit-6,https://cdn.shopify.com/s/files/1/0169/0425/7590/files/Generated_with_Kive.ai_-_the_love_logo_is_embroidered.png?v=1769152760
the-lover-set-1,https://cdn.shopify.com/s/files/1/0169/0425/7590/files/RR-Ad1080x1350-2.jpg?v=1769148668
the-lover-set-2,https://cdn.shopify.com/s/files/1/0169/0425/7590/files/86758630-057A-400D-A165-AD78F872ABD9.jpg?v=1769148668
the-lover-set-3,https://cdn.shopify.com/s/files/1/0169/0425/7590/files/E47456F3-5696-4963-A355-1FD66C1FF722.jpg?v=1769148668
the-lover-set-4,https://cdn.shopify.com/s/files/1/0169/0425/7590/files/3F507FE7-E7DA-4F96-9192-999C327B9869.jpg?v=1769148668
the-lover-set-5,https://cdn.shopify.com/s/files/1/0169/0425/7590/files/Generated_with_Kive.ai_-_Beautiful_21_year_Kenyan-Dominican_woman_2ff8b513-4da8-4e09-aa6f-82d346031503.png?v=1769152226
the-lover-set-6,https://cdn.shopify.com/s/files/1/0169/0425/7590/files/040A80F1-0D06-4E48-A1A2-27273BBB3200.jpg?v=1769152226
the-lover-set-7,https://cdn.shopify.com/s/files/1/0169/0425/7590/files/Lover_Trucker_Hat___Red_Editorial_campaign_frame_blonde_female_model_in_red_lover_hat_captured_half-body._Stance_is_grounded_one_shoulder_forward_fingers_hooked_into_belt_or_waistband.png?v=1769152226
the-lover-set-8,https://cdn.shopify.com/s/files/1/0169/0425/7590/files/IMG_1144.jpg?v=1769152239
the-lover-set-9,https://cdn.shopify.com/s/files/1/0169/0425/7590/files/5EE1A832-8D28-43AD-96B0-10579D169FE4.png?v=1769152239
the-lover-set-10,https://cdn.shopify.com/s/files/1/0169/0425/7590/files/Build_Your_Day_on_Love.jpg?v=1769152239
more-amor-hoodie-1,https://cdn.shopify.com/s/files/1/0169/0425/7590/files/54407A77-A9DD-4A2C-A4CB-32E9D6237155.png?v=1764718402
more-amor-hoodie-2,https://cdn.shopify.com/s/files/1/0169/0425/7590/files/A7A6A17D-570A-4914-AA08-880F83F99E18.png?v=1764712066
more-amor-hoodie-3,https://cdn.shopify.com/s/files/1/0169/0425/7590/files/117FD479-47B7-493F-A585-41C2E8EEA6FE.png?v=1764718435
more-amor-hoodie-4,https://cdn.shopify.com/s/files/1/0169/0425/7590/files/A0C99772-68A0-4AB8-AA4E-EC757F921681.png?v=1764718460
more-amor-hoodie-5,https://cdn.shopify.com/s/files/1/0169/0425/7590/files/76755C45-F361-4E17-B771-E661123C0E56.png?v=1764718476
the-franchise-corduroy-hat-natural-1,https://cdn.shopify.com/s/files/1/0169/0425/7590/files/Love_Unfiltered.jpg?v=1765577820
the-franchise-corduroy-hat-natural-2,https://cdn.shopify.com/s/files/1/0169/0425/7590/files/9A6D9240-B0FC-4594-844F-7FBAAF623D96.png?v=1765577820
the-franchise-corduroy-hat-natural-3,https://cdn.shopify.com/s/files/1/0169/0425/7590/files/IMG-3401.png?v=1765577599
the-franchise-corduroy-hat-natural-4,https://cdn.shopify.com/s/files/1/0169/0425/7590/files/IMG-3405.png?v=1765577599
the-franchise-corduroy-hat-natural-5,https://cdn.shopify.com/s/files/1/0169/0425/7590/files/73B88F66-0D74-4011-872E-C042F0F31E86.png?v=1765577599
the-franchise-corduroy-hat-natural-6,https://cdn.shopify.com/s/files/1/0169/0425/7590/files/4D9157F2-41CE-457D-ACDE-D38843489670.png?v=1765577599
the-franchise-corduroy-hat-brown-1,https://cdn.shopify.com/s/files/1/0169/0425/7590/files/9109D3AB-6A32-415C-A43D-CD3DC42C5290.jpg?v=1765931450
the-franchise-corduroy-hat-brown-2,https://cdn.shopify.com/s/files/1/0169/0425/7590/files/4A351FD9-FE9C-4D7B-B077-655FE77693A4.png?v=1765931450
the-franchise-corduroy-hat-brown-3,https://cdn.shopify.com/s/files/1/0169/0425/7590/files/E76E41A7-A514-4E54-81B0-4F945142F4A0.jpg?v=1765931450
the-franchise-corduroy-hat-brown-4,https://cdn.shopify.com/s/files/1/0169/0425/7590/files/E1B15FA3-B2DA-4E5F-9955-565B3AE2DEEA.jpg?v=1765931450
the-franchise-corduroy-hat-brown-5,https://cdn.shopify.com/s/files/1/0169/0425/7590/files/B99A78AF-C174-4948-A1A7-BC566439EA5F.jpg?v=1765931450
the-franchise-corduroy-hat-brown-6,https://cdn.shopify.com/s/files/1/0169/0425/7590/files/088E36F4-9168-408B-9280-B72AA3EF0996.jpg?v=1765931450
the-franchise-corduroy-hat-brown-7,https://cdn.shopify.com/s/files/1/0169/0425/7590/files/3F9D8CC4-46E7-4B71-AA14-B16D01304842.png?v=1765931450
the-franchise-corduroy-hat-brown-8,https://cdn.shopify.com/s/files/1/0169/0425/7590/files/9C05EC25-D8A1-44D1-9853-FC41A1A22FB4.png?v=1765931450
the-franchise-hat-blue-1,https://cdn.shopify.com/s/files/1/0169/0425/7590/files/B096D84B-5328-4F8E-9047-8DF5072A421E.png?v=1762294781
the-franchise-hat-blue-2,https://cdn.shopify.com/s/files/1/0169/0425/7590/files/BC8A4BE7-37E8-4DA1-81CA-AD7DCBAFBC1C.jpg?v=1762294760
the-franchise-hat-blue-3,https://cdn.shopify.com/s/files/1/0169/0425/7590/files/86CAB4D1-466F-4D3C-91CD-65C171C29F28.png?v=1762294760
the-franchise-hat-blue-4,https://cdn.shopify.com/s/files/1/0169/0425/7590/files/5D454681-A21B-4571-BFCE-FF5B49CE3124.jpg?v=1764654919
the-franchise-hat-blue-5,https://cdn.shopify.com/s/files/1/0169/0425/7590/files/B68211E2-D9C5-4554-A7EB-B8E6EA13E045.png?v=1764654919
the-franchise-hat-blue-6,https://cdn.shopify.com/s/files/1/0169/0425/7590/files/6E68AEF5-709A-4F3A-BA14-83D225AD39CA.png?v=1764654919
the-franchise-hat-blue-7,https://cdn.shopify.com/s/files/1/0169/0425/7590/files/8BD4789E-C3B1-48B3-8E60-F3FF264AA10F.png?v=1764654919
the-franchise-hat-blue-8,https://cdn.shopify.com/s/files/1/0169/0425/7590/files/470DC91B-5E8A-490A-8C50-00B806413CC9.png?v=1764654919
the-franchise-hat-blue-9,https://cdn.shopify.com/s/files/1/0169/0425/7590/files/7BAE792A-891C-438A-885A-9CCA41855392.png?v=1764655239
the-franchise-cap-green-1,https://cdn.shopify.com/s/files/1/0169/0425/7590/files/B0AAD31E-96B1-473A-9BCF-985DEABA60D0.png?v=1762294542
the-franchise-cap-green-2,https://cdn.shopify.com/s/files/1/0169/0425/7590/files/0FD93E27-E898-48C5-B562-88D27944E110.jpg?v=1762297869
the-franchise-cap-green-3,https://cdn.shopify.com/s/files/1/0169/0425/7590/files/64595214-9045-42B6-82DC-2E043B751F52.jpg?v=1762297869
the-franchise-cap-green-4,https://cdn.shopify.com/s/files/1/0169/0425/7590/files/1CAF02AB-2455-476D-8468-35C40A7692C2.png?v=1762297869
the-franchise-cap-green-5,https://cdn.shopify.com/s/files/1/0169/0425/7590/files/816E76A8-73DE-4BAE-82FD-92AC237B0D28.png?v=1762297869
the-franchise-cap-green-6,https://cdn.shopify.com/s/files/1/0169/0425/7590/files/9F416D52-1B46-4CF3-9562-2D98EB8B7DB2.png?v=1762297869
the-franchise-cap-green-7,https://cdn.shopify.com/s/files/1/0169/0425/7590/files/8AF630C9-1687-4A94-841B-FF0F90465BF8.png?v=1762297869
the-franchise-cap-green-8,https://cdn.shopify.com/s/files/1/0169/0425/7590/files/12BD39F6-F7EF-463A-9554-97AF0224553F.png?v=1762297869
the-franchise-cap-green-9,https://cdn.shopify.com/s/files/1/0169/0425/7590/files/7BAE792A-891C-438A-885A-9CCA41855392.png?v=1764655239
the-franchise-hat-orange-1,https://cdn.shopify.com/s/files/1/0169/0425/7590/files/1C6F3503-CA05-41AB-9182-D829E4B70B07.png?v=1762294416
the-franchise-hat-orange-2,https://cdn.shopify.com/s/files/1/0169/0425/7590/files/AA0C72C6-DEA7-41E5-8D84-4F9180B48611.jpg?v=1762294421
the-franchise-hat-orange-3,https://cdn.shopify.com/s/files/1/0169/0425/7590/files/BA8E2A7B-0012-4139-9B7C-6EBCD7AC5F07.jpg?v=1762294421
the-franchise-hat-orange-4,https://cdn.shopify.com/s/files/1/0169/0425/7590/files/6C42A229-E0AE-4FBC-8461-F44C291C79BA.png?v=1762297921
the-franchise-hat-orange-5,https://cdn.shopify.com/s/files/1/0169/0425/7590/files/C68076A7-E8E2-4531-880B-4B5FB2182623.png?v=1762297921
the-franchise-hat-orange-6,https://cdn.shopify.com/s/files/1/0169/0425/7590/files/BB00E0D3-BEE2-4605-9362-E80DCDA7791C.png?v=1762297921
the-franchise-hat-orange-7,https://cdn.shopify.com/s/files/1/0169/0425/7590/files/2887290F-B1F8-44C2-94C8-5140AF1FE6F3.png?v=1762297921
the-franchise-hat-orange-8,https://cdn.shopify.com/s/files/1/0169/0425/7590/files/DD41EB44-8D78-421C-B4B6-89D414E1925F.png?v=1762297921
the-franchise-hat-orange-9,https://cdn.shopify.com/s/files/1/0169/0425/7590/files/7BAE792A-891C-438A-885A-9CCA41855392.png?v=1764655239
the-franchise-hat-red-1,https://cdn.shopify.com/s/files/1/0169/0425/7590/files/RUBEN-FRANCHISERED.1.png?v=1762294293
the-franchise-hat-red-2,https://cdn.shopify.com/s/files/1/0169/0425/7590/files/FB25E0C4-4529-449C-8BC0-D7728533658D.png?v=1764655125
the-franchise-hat-red-3,https://cdn.shopify.com/s/files/1/0169/0425/7590/files/IMG-1825.png?v=1764655125
the-franchise-hat-red-4,https://cdn.shopify.com/s/files/1/0169/0425/7590/files/IMG-1824.png?v=1764655125
the-franchise-hat-red-5,https://cdn.shopify.com/s/files/1/0169/0425/7590/files/7BAE792A-891C-438A-885A-9CCA41855392.png?v=1764655239
the-lover-mesh-box-jersey-butter-1,https://cdn.shopify.com/s/files/1/0169/0425/7590/files/Butter_Yellow_Lover_Jersey.jpg?v=1765235887
the-lover-mesh-box-jersey-butter-2,https://cdn.shopify.com/s/files/1/0169/0425/7590/files/lover_mesh_hero.png?v=1765235887
the-lover-mesh-box-jersey-butter-3,https://cdn.shopify.com/s/files/1/0169/0425/7590/files/Butter_yellow_lover_jersey.png?v=1764131953
the-lover-mesh-box-jersey-butter-4,https://cdn.shopify.com/s/files/1/0169/0425/7590/files/C74B10B1-978B-458B-BED2-7CBDAFEF8CA3.jpg?v=1764134448
the-lover-mesh-box-jersey-butter-5,https://cdn.shopify.com/s/files/1/0169/0425/7590/files/C7B71A9D-34B1-4CAB-BD21-322065333046.jpg?v=1764134448
the-lover-mesh-box-jersey-butter-6,https://cdn.shopify.com/s/files/1/0169/0425/7590/files/Screenshot_2025-11-14_at_3.53.58_PM.png?v=1765235032
the-lover-mesh-box-jersey-navy-1,https://cdn.shopify.com/s/files/1/0169/0425/7590/files/Choose_Love-18.jpg?v=1762240430
the-lover-mesh-box-jersey-navy-2,https://cdn.shopify.com/s/files/1/0169/0425/7590/files/Choose_Love-30.jpg?v=1762243323
the-lover-mesh-box-jersey-navy-3,https://cdn.shopify.com/s/files/1/0169/0425/7590/files/Choose_Love-16.jpg?v=1762243323
the-lover-mesh-box-jersey-green-1,https://cdn.shopify.com/s/files/1/0169/0425/7590/files/91DBF931-7FA3-4CF7-A532-F4533893CBCB.jpg?v=1762240595
the-lover-mesh-box-jersey-green-2,https://cdn.shopify.com/s/files/1/0169/0425/7590/files/Mix_-10.jpg?v=1762243384
the-lover-mesh-box-jersey-green-3,https://cdn.shopify.com/s/files/1/0169/0425/7590/files/F8BE9BC3-2EAE-4760-AEEF-B19FE6244F04.jpg?v=1762240618
the-lover-mesh-box-jersey-green-4,https://cdn.shopify.com/s/files/1/0169/0425/7590/files/78D27541-3583-4E65-911F-2DADD32287B0.jpg?v=1757545557
the-lover-mesh-box-jersey-green-5,https://cdn.shopify.com/s/files/1/0169/0425/7590/files/34C7B31B-4448-4138-AADC-D7CAF9796471.jpg?v=1757545557
the-lover-mesh-box-jersey-green-6,https://cdn.shopify.com/s/files/1/0169/0425/7590/files/21F282E5-8A59-4AD8-A63A-CD6B4A561ABB.jpg?v=1757545557
signature-monogram-set-1,https://cdn.shopify.com/s/files/1/0169/0425/7590/files/woman_with_braids_wearing_Monogram_hoodie_and_pant_Dse3FFcryZMrDZQjrLQT_adjusting_her_posture_and_looking_down_into_camera_low_angle_shot_wide_lens.jpg?v=1762303704
signature-monogram-set-2,https://cdn.shopify.com/s/files/1/0169/0425/7590/files/woman_with_braids_wearing_Monogram_hoodie_and_pant_adjusting_her_posture_and_looking_down_into_camera_low_angle_shot_wide_lens_1.png?v=1761322155
signature-monogram-set-3,https://cdn.shopify.com/s/files/1/0169/0425/7590/files/3B14E122-9165-42E1-94D4-C2D2EDA3AE73.png?v=1761322155
signature-monogram-set-4,https://cdn.shopify.com/s/files/1/0169/0425/7590/files/7E4B5E5E-5823-4DB2-A07B-03704FA10250.jpg?v=1761322155
signature-monogram-set-5,https://cdn.shopify.com/s/files/1/0169/0425/7590/files/980CFAC2-CCD9-4B06-9AB9-D680F131AD06.png?v=1761322314
signature-monogram-set-6,https://cdn.shopify.com/s/files/1/0169/0425/7590/files/08C66FCC-D74B-4ADE-85E4-37BA4F0C4059.png?v=1761322314
signature-monogram-set-7,https://cdn.shopify.com/s/files/1/0169/0425/7590/files/Mongram-2.png?v=1761327373
signature-monogram-set-8,https://cdn.shopify.com/s/files/1/0169/0425/7590/products/Monogram-Love-Hoodie---Back---NEW.png?v=1761327373
signature-monogram-set-9,https://cdn.shopify.com/s/files/1/0169/0425/7590/files/Mongram-sweat_d3ae5bf5-6ef0-43b8-ab42-bc63883a0f52.png?v=1761321989
signature-monogram-set-10,
signature-monogram-set-11,
signature-monogram-set-12,
signature-monogram-set-13,
signature-monogram-set-14,
signature-monogram-set-15,
dose-of-love-tee-leopard-1,https://cdn.shopify.com/s/files/1/0169/0425/7590/files/8280587F-5C26-4BE0-903A-663A35DEA234.png?v=1760771291
dose-of-love-tee-leopard-2,https://cdn.shopify.com/s/files/1/0169/0425/7590/files/FE1C3F04-0B5F-4311-BA00-56A131D23A10.png?v=1760771291
dose-of-love-tee-leopard-3,https://cdn.shopify.com/s/files/1/0169/0425/7590/files/DED040F0-D295-41F0-AAAA-2D06096A23E3.jpg?v=1760771506
dose-of-love-tee-leopard-4,
dose-of-love-tee-leopard-5,
love-flower-short-1,https://cdn.shopify.com/s/files/1/0169/0425/7590/files/IMG-0932.png?v=1760677824
love-flower-short-2,https://cdn.shopify.com/s/files/1/0169/0425/7590/files/Screenshot2025-10-10at1.43.44PM.png?v=1760682668
love-flower-short-3,https://cdn.shopify.com/s/files/1/0169/0425/7590/files/18C05F57-D827-488C-970B-FFBC7F750EF2.png?v=1760682668
love-flower-short-4,https://cdn.shopify.com/s/files/1/0169/0425/7590/files/67E6DF51-1BA6-4EEC-AAA3-27CFB8E62516.jpg?v=1762246964
love-flower-short-5,https://cdn.shopify.com/s/files/1/0169/0425/7590/files/6124C436-8559-46E9-9C2D-8E3F88A787CF.png?v=1760682668
love-flower-short-6,https://cdn.shopify.com/s/files/1/0169/0425/7590/files/2511E65F-3F20-4E32-970C-8050D76BFD93.png?v=1762246964
love-flower-short-7,https://cdn.shopify.com/s/files/1/0169/0425/7590/files/3A51739C-937F-4D62-823B-EF2D6067DBD6.png?v=1760682668
love-flower-short-8,https://cdn.shopify.com/s/files/1/0169/0425/7590/files/flower_shortsd_field.png?v=1760682668
love-flower-short-9,https://cdn.shopify.com/s/files/1/0169/0425/7590/files/IMG-0936.jpg?v=1760675515
the-gas-hat-1,https://cdn.shopify.com/s/files/1/0169/0425/7590/files/IMG-0597.png?v=1760115834
the-gas-hat-2,https://cdn.shopify.com/s/files/1/0169/0425/7590/files/938EDEEF-3C2D-4CB5-B150-D81AF8730CB8.png?v=1761507068
the-gas-hat-3,https://cdn.shopify.com/s/files/1/0169/0425/7590/files/BF699A26-C2F3-41AF-866D-8557BE71CBA8.png?v=1761507068
the-gas-hat-4,https://cdn.shopify.com/s/files/1/0169/0425/7590/files/E4220B14-4788-4611-BD33-9529DE99AC1C.png?v=1761507068
the-gas-hat-5,https://cdn.shopify.com/s/files/1/0169/0425/7590/files/AD6C0243-012D-41C3-834C-8E909A4022D2.png?v=1761507068
the-gas-hat-6,https://cdn.shopify.com/s/files/1/0169/0425/7590/files/IMG-0598.png?v=1761507068
the-gas-hat-7,https://cdn.shopify.com/s/files/1/0169/0425/7590/files/IMG-0599.png?v=1761507068
the-gas-hat-8,https://cdn.shopify.com/s/files/1/0169/0425/7590/files/IMG-0600.png?v=1761507068
love-ath-dept-hat-1,
vintage-love-hat-green-1,https://cdn.shopify.com/s/files/1/0169/0425/7590/files/F4587C2D-6808-4DF6-85B7-D1B9BCBF01D8.png?v=1763017246
vintage-love-hat-green-2,https://cdn.shopify.com/s/files/1/0169/0425/7590/files/24A63F9B-22C0-4CA0-82F2-28DF8F841B0B.png?v=1763017213
vintage-love-hat-green-3,https://cdn.shopify.com/s/files/1/0169/0425/7590/files/F8BEF088-1E0A-46D0-A677-0DF0B946B5B8.png?v=1763017213
vintage-love-hat-green-4,https://cdn.shopify.com/s/files/1/0169/0425/7590/files/D2FE79B7-2281-4F6D-BE28-59E7CDBD487B.png?v=1763017213
mas-amor-trucker-hat-copy-1,https://cdn.shopify.com/s/files/1/0169/0425/7590/files/F2361054-47F2-4F66-809D-DEABDE21B5D8.png?v=1762459397
mas-amor-trucker-hat-copy-2,https://cdn.shopify.com/s/files/1/0169/0425/7590/files/AE40DF3F-0AB2-4B96-8C09-B32CAA44344A.png?v=1764711654
mas-amor-trucker-hat-copy-3,https://cdn.shopify.com/s/files/1/0169/0425/7590/files/9B1560EE-31ED-4CFA-895F-8787CF00E039.png?v=1764711654
mas-amor-trucker-hat-copy-4,https://cdn.shopify.com/s/files/1/0169/0425/7590/files/5EE199E3-6A5C-4A6C-8790-B49DEB450AA6.jpg?v=1764711654
mas-amor-trucker-hat-copy-5,https://cdn.shopify.com/s/files/1/0169/0425/7590/files/6E7AFF88-CBC6-4936-8D38-52210F8B4ED7.jpg?v=1764711654
mas-amor-trucker-hat-copy-6,https://cdn.shopify.com/s/files/1/0169/0425/7590/files/4D2B3B5D-00D9-488B-B354-5BCD297DB404.png?v=1764711654
mas-amor-trucker-hat-copy-7,https://cdn.shopify.com/s/files/1/0169/0425/7590/files/7CBBAC87-DB7E-454B-B156-7DD178581575.png?v=1764711654
mas-amor-trucker-hat-copy-8,https://cdn.shopify.com/s/files/1/0169/0425/7590/files/A65FFAB5-B3B7-4E22-AE37-674F638980D4.png?v=1764711654
mas-amor-trucker-hat-copy-9,https://cdn.shopify.com/s/files/1/0169/0425/7590/files/2CB44D65-ED7C-40BE-ADA1-CB56940D1DBC.png?v=1764711654
the-franchise-corduroy-cap-1,https://cdn.shopify.com/s/files/1/0169/0425/7590/files/CA7A96F7-4A55-4607-B1B7-5D8F11B75C12.jpg?v=1765828781
the-franchise-corduroy-cap-2,https://cdn.shopify.com/s/files/1/0169/0425/7590/files/85258F93-EC25-4B29-AC8A-6FF9477079DA.png?v=1765577935
the-franchise-corduroy-cap-3,https://cdn.shopify.com/s/files/1/0169/0425/7590/files/2A6BED7A-C266-4133-A068-C3D08EA78DBC.jpg?v=1765577935
the-franchise-corduroy-cap-4,https://cdn.shopify.com/s/files/1/0169/0425/7590/files/0C2600C9-76C1-424D-8E92-D4B3130535B9.jpg?v=1765577413
the-franchise-corduroy-cap-5,https://cdn.shopify.com/s/files/1/0169/0425/7590/files/296CE4FD-6F67-4DD4-B1FC-B1A35DCE3888.png?v=1765577560
the-franchise-corduroy-cap-6,https://cdn.shopify.com/s/files/1/0169/0425/7590/files/70048861-4674-4139-9A3B-E7278776F02B.png?v=1765577560
the-franchise-corduroy-cap-7,https://cdn.shopify.com/s/files/1/0169/0425/7590/files/4143796C-A236-4759-A367-0541226DAB7B.png?v=1765577560
the-franchise-hat-black-1,https://cdn.shopify.com/s/files/1/0169/0425/7590/files/IMG-0114.png?v=1762461814
the-franchise-hat-black-2,https://cdn.shopify.com/s/files/1/0169/0425/7590/files/D943EA9B-DE82-4F22-9CEC-79F92253E0CE.png?v=1764655239
the-franchise-hat-black-3,https://cdn.shopify.com/s/files/1/0169/0425/7590/files/ED6C4360-2028-48B9-B923-0510C0C38CA6.jpg?v=1764655239
the-franchise-hat-black-4,https://cdn.shopify.com/s/files/1/0169/0425/7590/files/IMG-0117.png?v=1764655239
the-franchise-hat-black-5,https://cdn.shopify.com/s/files/1/0169/0425/7590/files/IMG-0113.png?v=1764655239
the-franchise-hat-black-6,https://cdn.shopify.com/s/files/1/0169/0425/7590/files/IMG-0118.png?v=1764655239
the-franchise-hat-black-7,https://cdn.shopify.com/s/files/1/0169/0425/7590/files/IMG-0115.png?v=1764655239
the-franchise-hat-black-8,https://cdn.shopify.com/s/files/1/0169/0425/7590/files/IMG-0119.png?v=1764655239
the-franchise-hat-black-9,https://cdn.shopify.com/s/files/1/0169/0425/7590/files/7BAE792A-891C-438A-885A-9CCA41855392.png?v=1764655239
the-lover-mesh-box-jersey-white-1,https://cdn.shopify.com/s/files/1/0169/0425/7590/files/3F507FE7-E7DA-4F96-9192-999C327B9869.jpg?v=1769148668
the-lover-mesh-box-jersey-white-2,https://cdn.shopify.com/s/files/1/0169/0425/7590/files/FAFA9C36-CD92-4C4A-8513-80AE11071E9F.jpg?v=1763844700
the-lover-mesh-box-jersey-white-3,https://cdn.shopify.com/s/files/1/0169/0425/7590/files/78FF65BD-9F3F-499F-86CD-A9289552B3A7.jpg?v=1763807464
the-lover-mesh-box-jersey-white-4,https://cdn.shopify.com/s/files/1/0169/0425/7590/files/040A80F1-0D06-4E48-A1A2-27273BBB3200.jpg?v=1769152226
the-lover-mesh-box-jersey-white-5,https://cdn.shopify.com/s/files/1/0169/0425/7590/files/Choose_Love_-3.jpg?v=1763807464
the-lover-mesh-box-jersey-white-6,https://cdn.shopify.com/s/files/1/0169/0425/7590/files/Choose_Love-37.jpg?v=1763807464
the-lover-mesh-box-jersey-white-7,https://cdn.shopify.com/s/files/1/0169/0425/7590/files/86758630-057A-400D-A165-AD78F872ABD9.jpg?v=1769148668
the-lover-mesh-box-jersey-white-8,https://cdn.shopify.com/s/files/1/0169/0425/7590/files/E47456F3-5696-4963-A355-1FD66C1FF722.jpg?v=1769148668
love-no-cap-tee-1,https://cdn.shopify.com/s/files/1/0169/0425/7590/files/IMG-0203.png?v=1755804259
love-no-cap-tee-2,https://cdn.shopify.com/s/files/1/0169/0425/7590/files/914ABA6C-55EF-4792-81D2-5FE20660BA57.jpg?v=1755804259
love-no-cap-tee-3,https://cdn.shopify.com/s/files/1/0169/0425/7590/files/6E37F1C9-6AB0-4C5E-872C-4AE74942757C.jpg?v=1755804259
love-no-cap-tee-4,https://cdn.shopify.com/s/files/1/0169/0425/7590/files/A8D76DC9-F8EB-4F8A-9D75-3A053338B0DD.jpg?v=1755804259
love-no-cap-tee-5,https://cdn.shopify.com/s/files/1/0169/0425/7590/files/6064912E-7138-4445-9075-AFC796B0371A.jpg?v=1755804259
local-love-club-1,https://cdn.shopify.com/s/files/1/0169/0425/7590/files/5529428F-C58D-4D6D-AA70-11ED36102C6D.png?v=1755816054
local-love-club-2,https://cdn.shopify.com/s/files/1/0169/0425/7590/files/1621E753-7F22-4CF8-B85C-DF2202B602CE.jpg?v=1755816054
local-love-club-3,https://cdn.shopify.com/s/files/1/0169/0425/7590/files/EE4A843E-C715-433E-9F78-61B354E9C363.jpg?v=1755816054
local-love-club-4,https://cdn.shopify.com/s/files/1/0169/0425/7590/files/2AC2C830-B3DD-4A2F-870A-1251F8A4AB0A.jpg?v=1755816054
local-love-club-5,https://cdn.shopify.com/s/files/1/0169/0425/7590/files/B3E939EC-FA7F-4BD6-9D6A-E57B725BAE37.png?v=1755816054
dose-of-love-tee-1,https://cdn.shopify.com/s/files/1/0169/0425/7590/files/1C35A5F7-D3AC-4A07-A444-3F05D4886B9A.png?v=1756164309
dose-of-love-tee-2,https://cdn.shopify.com/s/files/1/0169/0425/7590/files/FE61077D-A7B5-4F2D-B4E0-EF4421BDDF49.jpg?v=1760068010
dose-of-love-tee-3,https://cdn.shopify.com/s/files/1/0169/0425/7590/files/D8BA888C-5543-4D10-B3C1-2F1CDCF8E9C6.jpg?v=1760068010
dose-of-love-tee-4,https://cdn.shopify.com/s/files/1/0169/0425/7590/files/DC80D0A3-289A-4F9D-83FE-E244E4F5AAB8.jpg?v=1760068010
dose-of-love-tee-5,https://cdn.shopify.com/s/files/1/0169/0425/7590/files/B43BDB36-4659-40CA-90DE-E006B73AFD7F.jpg?v=1760068010
sho-love-tee-1,https://cdn.shopify.com/s/files/1/0169/0425/7590/files/IMG-0206.png?v=1755804295
sho-love-tee-2,https://cdn.shopify.com/s/files/1/0169/0425/7590/files/25538EA7-77D5-463A-9C26-48EFA09400C5.jpg?v=1760772179
sho-love-tee-3,https://cdn.shopify.com/s/files/1/0169/0425/7590/files/0D005072-E648-41B1-84B5-D3AE91B041B5.jpg?v=1755804295
sho-love-tee-4,https://cdn.shopify.com/s/files/1/0169/0425/7590/files/56EF156F-6D30-4FAF-B42F-E857C65713C3.jpg?v=1760772201
sho-love-tee-5,
love-zepplin-graffiti-tee-1,https://cdn.shopify.com/s/files/1/0169/0425/7590/files/2DD64719-E7A2-4CF3-BE6C-7F6B29299956.png?v=1755804229
love-zepplin-graffiti-tee-2,https://cdn.shopify.com/s/files/1/0169/0425/7590/files/DSC09646.jpg?v=1755804229
love-zepplin-graffiti-tee-3,https://cdn.shopify.com/s/files/1/0169/0425/7590/files/FBBE533B-EBA9-4D7E-A467-DD688E6728DA.jpg?v=1755804229
love-zepplin-graffiti-tee-4,
love-zepplin-graffiti-tee-5,
more-amor-tee-1,https://cdn.shopify.com/s/files/1/0169/0425/7590/files/B24D0D4F-ACE5-4C81-8068-0CAB1CA2E811.png?v=1755804159
more-amor-tee-2,https://cdn.shopify.com/s/files/1/0169/0425/7590/files/0436EFF3-2FDF-4D99-9E7A-80C95BA27BB2.jpg?v=1755804159
more-amor-tee-3,https://cdn.shopify.com/s/files/1/0169/0425/7590/files/599B98B2-41D4-49B6-8280-186BE2FA27F2.jpg?v=1755804159
more-amor-tee-4,https://cdn.shopify.com/s/files/1/0169/0425/7590/files/00CFBBAD-A2D7-48C9-BCE0-9E5C7098C8F2.jpg?v=1755804159
more-amor-tee-5,
digi-camo-trucker-hat-1,https://cdn.shopify.com/s/files/1/0169/0425/7590/files/B05D20E6-ECF5-4011-BBE5-2F76312E59C3.png?v=1765584861
digi-camo-trucker-hat-2,https://cdn.shopify.com/s/files/1/0169/0425/7590/files/IMG-2602.png?v=1764134713
digi-camo-trucker-hat-3,https://cdn.shopify.com/s/files/1/0169/0425/7590/files/A6458DAB-0095-45CF-A120-7D79B8BB698E.jpg?v=1764180565
digi-camo-trucker-hat-4,https://cdn.shopify.com/s/files/1/0169/0425/7590/files/0781CF5E-A24B-462B-B25D-AF1B809A9C36.jpg?v=1764180591
digi-camo-trucker-hat-5,https://cdn.shopify.com/s/files/1/0169/0425/7590/files/BB3F7673-9EAB-4437-9DDE-936BDE1C0575.jpg?v=1764180532
digi-camo-trucker-hat-6,https://cdn.shopify.com/s/files/1/0169/0425/7590/files/B40DD256-4CC5-4E66-B530-C22218B600FB.jpg?v=1764180532
more-love-trucker-hat-camo-1,https://cdn.shopify.com/s/files/1/0169/0425/7590/files/F84D84C9-7321-43FE-AA20-C60EB20BB07E.jpg?v=1765584903
more-love-trucker-hat-camo-2,https://cdn.shopify.com/s/files/1/0169/0425/7590/files/A9FE78D6-1E41-4FB1-90C3-57EFF55F4884.png?v=1765584903
more-love-trucker-hat-camo-3,https://cdn.shopify.com/s/files/1/0169/0425/7590/files/0305F586-4E6D-4875-B94B-5F230B0E479E.png?v=1748405190
more-love-trucker-hat-camo-4,https://cdn.shopify.com/s/files/1/0169/0425/7590/files/21F282E5-8A59-4AD8-A63A-CD6B4A561ABB.jpg?v=1757545557
more-love-trucker-hat-camo-5,https://cdn.shopify.com/s/files/1/0169/0425/7590/files/92AB3B0D-E23C-4142-BAE8-B12D57D01D5A.jpg?v=1748405228
lover-trucker-hat-pink-1,https://cdn.shopify.com/s/files/1/0169/0425/7590/files/Spring_Summer_Collection_-91.jpg?v=1765584826
lover-trucker-hat-pink-2,https://cdn.shopify.com/s/files/1/0169/0425/7590/files/9C2DA18E-9896-4602-AF2D-DB602D017749.png?v=1765584826
lover-trucker-hat-pink-3,https://cdn.shopify.com/s/files/1/0169/0425/7590/files/B16B0C5E-F1BA-4141-BEB5-1C9D018508DD.jpg?v=1748407626
lover-trucker-hat-pink-4,https://cdn.shopify.com/s/files/1/0169/0425/7590/files/EEF529A0-AF41-43EA-B45A-B635A335978D.jpg?v=1748407626
lover-trucker-hat-pink-5,https://cdn.shopify.com/s/files/1/0169/0425/7590/files/EC26724B-8DCF-4D1E-A549-4FB45F4EA749.png?v=1748407626
lover-trucker-hat-red-1,https://cdn.shopify.com/s/files/1/0169/0425/7590/files/E0E924FC-1DAE-4B86-A6B4-5B1F83530F54.png?v=1759506063
lover-trucker-hat-red-2,https://cdn.shopify.com/s/files/1/0169/0425/7590/files/Lover_Trucker_Hat___Red_Editorial_campaign_frame_blonde_female_model_in_red_lover_hat_captured_half-body._Stance_is_grounded_one_shoulder_forward_fingers_hooked_into_belt_or_waistband.png?v=1769152226
lover-trucker-hat-red-3,https://cdn.shopify.com/s/files/1/0169/0425/7590/files/DSC01000.jpg?v=1764181425
lover-trucker-hat-red-4,https://cdn.shopify.com/s/files/1/0169/0425/7590/files/5EE1A832-8D28-43AD-96B0-10579D169FE4.png?v=1769152239
lover-trucker-hat-red-5,https://cdn.shopify.com/s/files/1/0169/0425/7590/files/4E3B21C1-B623-453B-A0BC-5BD02BC54486.png?v=1763711390
lover-trucker-hat-red-6,https://cdn.shopify.com/s/files/1/0169/0425/7590/files/DF00B979-133D-4A36-83A4-37A614B3622C.jpg?v=1763711390
lover-trucker-hat-red-7,https://cdn.shopify.com/s/files/1/0169/0425/7590/files/BBE29BB0-2B40-4957-9396-CF07D55E2D35.jpg?v=1763711416
academy-of-love-ath-dept-crewneck-1,https://cdn.shopify.com/s/files/1/0169/0425/7590/files/IMG-1814.png?v=1762292573
academy-of-love-ath-dept-crewneck-2,https://cdn.shopify.com/s/files/1/0169/0425/7590/files/67E6DF51-1BA6-4EEC-AAA3-27CFB8E62516.jpg?v=1762246964
academy-of-love-ath-dept-crewneck-3,https://cdn.shopify.com/s/files/1/0169/0425/7590/files/Spring-Summer_Collection_-491.jpg?v=1762246964
academy-of-love-ath-dept-crewneck-4,https://cdn.shopify.com/s/files/1/0169/0425/7590/files/2511E65F-3F20-4E32-970C-8050D76BFD93.png?v=1762246964
academy-of-love-ath-dept-crewneck-5,https://cdn.shopify.com/s/files/1/0169/0425/7590/files/5B085883-23A2-4689-BEE3-FE36762725B9.jpg?v=1762246964
academy-of-love-ath-dept-crewneck-6,https://cdn.shopify.com/s/files/1/0169/0425/7590/files/4B17B4F1-A407-41A8-85D8-CA2D43456DDD.jpg?v=1762246964
academy-of-love-ath-dept-crewneck-7,https://cdn.shopify.com/s/files/1/0169/0425/7590/files/280B227A-B7C8-4828-A1C0-18C116F16B3D.jpg?v=1762246964
academy-of-love-ath-dept-crewneck-8,https://cdn.shopify.com/s/files/1/0169/0425/7590/files/IMG-1815.png?v=1762292620
academy-of-love-ath-dept-crewneck-9,https://cdn.shopify.com/s/files/1/0169/0425/7590/files/RR-crews-2955.jpg?v=1762246964
the-legend-performance-cap-1,https://cdn.shopify.com/s/files/1/0169/0425/7590/files/0F6FFE2B-E011-400F-9DAA-8FE8B9D9848C.jpg?v=1765585114
the-legend-performance-cap-2,https://cdn.shopify.com/s/files/1/0169/0425/7590/files/FE896987-F2A4-42B8-B042-B431060EDB16.png?v=1765585114
the-legend-performance-cap-3,https://cdn.shopify.com/s/files/1/0169/0425/7590/files/D5100AB1-69D5-46F3-A208-2C7D20C06079.jpg?v=1761352784
the-legend-performance-cap-4,https://cdn.shopify.com/s/files/1/0169/0425/7590/files/7A7956EE-FC5A-4B25-864F-D509062236F8.jpg?v=1761352784
the-legend-performance-cap-5,https://cdn.shopify.com/s/files/1/0169/0425/7590/files/Choose_Love-59.jpg?v=1748407665
vintage-love-hat-camel-1,https://cdn.shopify.com/s/files/1/0169/0425/7590/files/2C0EBD31-7D45-4069-8787-A6B65D7B061C.png?v=1765584992
vintage-love-hat-camel-2,https://cdn.shopify.com/s/files/1/0169/0425/7590/files/F87B984A-F709-423B-9A95-19843D0A31EC.jpg?v=1742421542
vintage-love-hat-camel-3,https://cdn.shopify.com/s/files/1/0169/0425/7590/files/0F3F4DD2-BAF5-4B3C-8DF0-99BA9D69E381.jpg?v=1748407711
vintage-love-hat-camel-4,https://cdn.shopify.com/s/files/1/0169/0425/7590/files/24B9C9E3-EE38-4BF3-A9DE-DAC6211686F2.jpg?v=1748406341
vintage-love-hat-camel-5,https://cdn.shopify.com/s/files/1/0169/0425/7590/files/BCF44DFF-B48D-4A1B-9C25-4AB849FF73A9.jpg?v=1748406316
worldwide-trucker-love-hat-1,https://cdn.shopify.com/s/files/1/0169/0425/7590/files/79C894F0-85AE-4437-A7D3-124F490D495B.png?v=1762461913
worldwide-trucker-love-hat-2,https://cdn.shopify.com/s/files/1/0169/0425/7590/files/9751CAE0-20AB-4160-8135-AF5F237AD97D.png?v=1747334787
worldwide-trucker-love-hat-3,https://cdn.shopify.com/s/files/1/0169/0425/7590/files/D0AFB7AE-45EF-4A19-BC58-4B4D9EA034F9.png?v=1742421447
worldwide-trucker-love-hat-4,https://cdn.shopify.com/s/files/1/0169/0425/7590/files/EB3C6BA8-BAE2-4FAE-9322-4F037FBAD0BA.jpg?v=1748407376
worldwide-trucker-love-hat-5,https://cdn.shopify.com/s/files/1/0169/0425/7590/files/396D1BC2-5A37-4A2B-9DCD-70B9C41B3D3C.jpg?v=1748407408
more-love-trucker-hat-1,https://cdn.shopify.com/s/files/1/0169/0425/7590/files/CC3354B6-E598-44E5-9497-38D3A978D5BB.png?v=1762461704
more-love-trucker-hat-2,https://cdn.shopify.com/s/files/1/0169/0425/7590/files/DD8A1C98-6749-475D-A8A5-2D79223B74CC.jpg?v=1747334542
more-love-trucker-hat-3,https://cdn.shopify.com/s/files/1/0169/0425/7590/files/01A3E4FE-801C-4FB4-A8DC-2434A9662992.jpg?v=1762461723
more-love-trucker-hat-4,https://cdn.shopify.com/s/files/1/0169/0425/7590/files/635E24A1-656E-43EB-9E03-601720FBEADD.jpg?v=1748407838
love-sherpa-jacket-1,https://cdn.shopify.com/s/files/1/0169/0425/7590/files/createacleanflatlayformywebsiteofthelovesherpacleanstudiodirectshot_sherpa.png?v=1761885524
love-sherpa-jacket-2,https://cdn.shopify.com/s/files/1/0169/0425/7590/files/D943EA9B-DE82-4F22-9CEC-79F92253E0CE.png?v=1764655239
love-sherpa-jacket-3,https://cdn.shopify.com/s/files/1/0169/0425/7590/files/001DBFEC-BD4A-4384-8A8E-4C00E9D9C5F3.png?v=1761809730
love-sherpa-jacket-4,https://cdn.shopify.com/s/files/1/0169/0425/7590/files/81DB2921-D74B-496D-B3E1-526ACE62AEB0.png?v=1761881433
love-sherpa-jacket-5,https://cdn.shopify.com/s/files/1/0169/0425/7590/files/FAC4F066-04B9-4BC0-83AA-C1DB5A89FCF0.jpg?v=1761809730
love-sherpa-jacket-6,https://cdn.shopify.com/s/files/1/0169/0425/7590/files/54E7FAF3-8374-4CA6-A66B-D77B2CBC19FC.png?v=1761885589
love-sherpa-jacket-7,https://cdn.shopify.com/s/files/1/0169/0425/7590/files/D44DEF53-34F2-44F2-8443-57A91AC646C4.jpg?v=1761885900
love-sherpa-jacket-8,https://cdn.shopify.com/s/files/1/0169/0425/7590/files/B0C64E93-E4A6-4B85-AA2C-5322260DAAE9.jpg?v=1761886014
love-sherpa-jacket-9,https://cdn.shopify.com/s/files/1/0169/0425/7590/files/211AA9A6-DE54-455C-8B58-192E66B20C97.jpg?v=1761885994
love-sherpa-jacket-10,https://cdn.shopify.com/s/files/1/0169/0425/7590/files/526762E6-2814-4A7C-9B32-CCFFA39EB6ED.jpg?v=1761885994
the-original-love-t-shirt-white-1,https://cdn.shopify.com/s/files/1/0169/0425/7590/files/TheOriginalLoveT-shirt-White.png?v=1763934510
the-original-love-t-shirt-white-2,https://cdn.shopify.com/s/files/1/0169/0425/7590/files/urban_man_with_love_shirt.png?v=1769156573
the-original-love-t-shirt-white-3,https://cdn.shopify.com/s/files/1/0169/0425/7590/files/urban_woman_white_tee_correct.png?v=1769156573
the-original-love-t-shirt-white-4,https://cdn.shopify.com/s/files/1/0169/0425/7590/files/urban_woman_leaning_locked.png?v=1769156573
the-original-love-t-shirt-white-5,
worldwide-love-tee-white-1,https://cdn.shopify.com/s/files/1/0169/0425/7590/files/WorldwideTee-White.png?v=1682375784
worldwide-love-tee-white-2,https://cdn.shopify.com/s/files/1/0169/0425/7590/files/WorldwideTee-back-White.png?v=1682375784
worldwide-love-tee-white-3,https://cdn.shopify.com/s/files/1/0169/0425/7590/files/WEB-Worldwide-MEN-LTLxLizarde-04-NEW.png?v=1682375784
worldwide-love-tee-white-4,https://cdn.shopify.com/s/files/1/0169/0425/7590/files/WorldwideTee-White-Outdoor-Back-NEW.png?v=1682375784
worldwide-love-tee-white-5,
monogram-love-sweatsuit-1,https://cdn.shopify.com/s/files/1/0169/0425/7590/products/monogram-sweatsuit.jpg?v=1759505975
monogram-love-sweatsuit-2,https://cdn.shopify.com/s/files/1/0169/0425/7590/products/image_5c9e3504-76a4-4fc9-96eb-560a7ad67ef3.jpg?v=1666291057
monogram-love-sweatsuit-3,https://cdn.shopify.com/s/files/1/0169/0425/7590/products/image_250718ec-17f9-4848-abaf-2a7e90581557.jpg?v=1666291057
monogram-love-sweatsuit-4,https://cdn.shopify.com/s/files/1/0169/0425/7590/products/image_86a75c4b-fa3d-4af2-a665-14e7bf1eaa3e.jpg?v=1666291057
monogram-love-sweatsuit-5,https://cdn.shopify.com/s/files/1/0169/0425/7590/products/monogram-hood_1296x_17308593-1e1d-492f-836e-6a2a50806051.webp?v=1666291057
monogram-love-sweatsuit-6,https://cdn.shopify.com/s/files/1/0169/0425/7590/products/Sweatpants-front_dab5d81e-fad2-463f-93a7-3e97f31f4561.png?v=1666291057
monogram-love-sweatsuit-7,https://cdn.shopify.com/s/files/1/0169/0425/7590/products/WEB-FullMonogramSuit-LTLxLizarde-07-NEW.png?v=1681413399
woven-love-blanket-black-white-1,https://cdn.shopify.com/s/files/1/0169/0425/7590/products/WovenLoveBlanket-Black_White-Folded2-NEW.png?v=1681602949
woven-love-blanket-black-white-2,https://cdn.shopify.com/s/files/1/0169/0425/7590/products/WEB-LTL-Blankets-Paloma-08.jpg?v=1681602949
woven-love-blanket-black-white-3,https://cdn.shopify.com/s/files/1/0169/0425/7590/products/WEB-LTL-Blankets-Paloma-07.jpg?v=1681602949
woven-love-blanket-black-white-4,https://cdn.shopify.com/s/files/1/0169/0425/7590/products/WovenLoveBlanket-Black_White-Folded1-NEW.png?v=1681602949
worldwide-trucker-hat-1,https://cdn.shopify.com/s/files/1/0169/0425/7590/files/WWTrucker-hat-2.png?v=1759505972
worldwide-trucker-hat-2,https://cdn.shopify.com/s/files/1/0169/0425/7590/files/image_c7cdfef3-b767-403d-9dac-f13a3f948a0d.png?v=1683121350
worldwide-trucker-hat-3,https://cdn.shopify.com/s/files/1/0169/0425/7590/products/WorldwideTruckerHat-Back-NEW.png?v=1683121350
worldwide-trucker-hat-4,https://cdn.shopify.com/s/files/1/0169/0425/7590/products/WorldwideTruckerHat-Inside-NEW.png?v=1683121350
worldwide-trucker-hat-5,https://cdn.shopify.com/s/files/1/0169/0425/7590/products/WEB-LTL-BlackTruckerHat-Paloma-1.jpg?v=1683121350
worldwide-trucker-hat-6,https://cdn.shopify.com/s/files/1/0169/0425/7590/files/6333B465-8648-4470-AA41-D0175EF32263.jpg?v=1723790216
monogram-love-sweatpants-1,https://cdn.shopify.com/s/files/1/0169/0425/7590/files/Mongram-sweat.png?v=1761276501
monogram-love-sweatpants-2,https://cdn.shopify.com/s/files/1/0169/0425/7590/files/woman_with_braids_wearing_Monogram_hoodie_and_pant_Dse3FFcryZMrDZQjrLQT_adjusting_her_posture_and_looking_down_into_camera_low_angle_shot_wide_lens.jpg?v=1762303704
monogram-love-sweatpants-3,https://cdn.shopify.com/s/files/1/0169/0425/7590/files/08C66FCC-D74B-4ADE-85E4-37BA4F0C4059.png?v=1761322314
monogram-love-sweatpants-4,https://cdn.shopify.com/s/files/1/0169/0425/7590/files/980CFAC2-CCD9-4B06-9AB9-D680F131AD06.png?v=1761322314
monogram-love-sweatpants-5,https://cdn.shopify.com/s/files/1/0169/0425/7590/products/Monogram-Love-Sweatpants---Back--NEW_d9fa4b84-171f-4d0f-8af2-0d1142e0ea85.png?v=1761278279
monogram-love-sweatpants-6,https://cdn.shopify.com/s/files/1/0169/0425/7590/files/3B14E122-9165-42E1-94D4-C2D2EDA3AE73.png?v=1761322155
monogram-love-hoodie-1,https://cdn.shopify.com/s/files/1/0169/0425/7590/files/Mongram-2.png?v=1761327373
monogram-love-hoodie-2,https://cdn.shopify.com/s/files/1/0169/0425/7590/files/7E4B5E5E-5823-4DB2-A07B-03704FA10250.jpg?v=1761322155
monogram-love-hoodie-3,https://cdn.shopify.com/s/files/1/0169/0425/7590/files/woman_with_braids_wearing_Monogram_hoodie_and_pant_adjusting_her_posture_and_looking_down_into_camera_low_angle_shot_wide_lens.jpg?v=1761322155
monogram-love-hoodie-4,https://cdn.shopify.com/s/files/1/0169/0425/7590/products/Monogram-Love-Hoodie---Back---NEW.png?v=1761327373
monogram-love-hoodie-5,https://cdn.shopify.com/s/files/1/0169/0425/7590/files/3B14E122-9165-42E1-94D4-C2D2EDA3AE73.png?v=1761322155
monogram-love-hoodie-6,https://cdn.shopify.com/s/files/1/0169/0425/7590/files/980CFAC2-CCD9-4B06-9AB9-D680F131AD06.png?v=1761322314
monogram-love-hoodie-7,https://cdn.shopify.com/s/files/1/0169/0425/7590/files/woman_with_braids_wearing_Monogram_hoodie_and_pant_adjusting_her_posture_and_looking_down_into_camera_low_angle_shot_wide_lens_1.png?v=1761322155
monogram-love-hoodie-8,https://cdn.shopify.com/s/files/1/0169/0425/7590/files/woman_with_braids_wearing_Monogram_hoodie_and_pant_Dse3FFcryZMrDZQjrLQT_adjusting_her_posture_and_looking_down_into_camera_low_angle_shot_wide_lens.jpg?v=1762303704
