SKU,FNSku,Condition,Brand,Manufacturer,ProductTitle,LongDescription,ShortDescription,Subtitle,ASIN,UPC,EAN,ISBN,MPN,Price,MAPPrice,MSRP,BundleType,ProductType,VariationVaryBy,CopyToChildren,MultipackQuantity,VariationParentSKU,SubStyleCode,IsInRelationship,NetWeight,GrossWeight,DimensionUnit,WeightUnit,ProductHeight,ProductLength,ProductWidth,BoxHeight,BoxLength,BoxWidth,HarmonizedCode,IsBlocked,Warranty,ClassificationNum,Gender,AgeGroup,NRFDepartment,CountryOfOrigin,OriginalUPC,CustomerProductSKU,VariationSet,StyleStatus,StyleType,Description,StyleCode,ParentStyleCode,ProductStyleCode,ColorPatternCode,ColorPatternCodeId,SizeType,SizeCode,SizeCodeId,WidthCode,WidthCodeId,LengthCode,LengthCodeId,ClassCode,SubClassCode,DepartmentCode,DivisionCode,OEMCode,AlternateCode,Remark,Model,CatalogPage,CategoryCode,GroupCode,SubGroupCode,ProductStatus,PriceRule,Stockable,Taxable,Costable,IsProfit,Currency,UOM,QtyPerPallot,QtyPerCase,QtyPerBox,PackType,PackQty,DefaultPackType,DefaultVendorCode,PoSize,MinStock,LeadTimeDay,ProductYear,MaterialsContent,CareInstructions,ColorCodeNRF,ColorGroupNRF,SizeCodeNRF,SizePrimaryNRF,SizeSecondaryNRF,SizeHeadingNRF,SizeHeading2NRF,CategoryNRF,SubCategoryNRF,DropshipPrice,CRVPrice,ColorDesc,SizeDesc,WidthDesc,LengthDesc,PrepackCode,PrepackQty,AddWarehouse,AddAvaQty,ShipLeadTimeDay,ShipHandlingFee,ReceiveHandlingFee,ReturnHandlingFee,StorageFee,DisableDropshipReturn,OptionName1,OptionName2,OptionName3,OptionName4,OptionName5,OptionValue1,OptionValue2,OptionValue3,OptionValue4,OptionValue5,DropshipCategoryCode,DropshipCategoryCodePath,Barcode,Tags
173451-1183CITIZEN-1-34,,0,Standards & Practices,Vibes,Susan Stretch Denim Skinny Jeans Medium Blue 5 Pocket Wash,,"These darling blue jeans feature a rolled cuff that makes them feel both modern and classic. These premium skinny jeans have subtle whiskering on the front, and the 5-pocket jeans are detailed by bronze buttons. Wear this style with a statement white poplin for a crisp weekend look that's chic all year.",Susan Stretch Denim Skinny Jeans Medium Blue 5 Pocket Wash,,809666377736,,,,24,0,68,0,1,,0,0,173451,173451-1183CITIZEN,0,2,1.4,0,0,13,13,12,2,13,12,,0,,0,,,,,,,,,,,173451,,,1183CITIZEN,1183 CITIZEN,Regular,1,JUNIOR-1,STD,,34,JUNIOR-34,JUNIOR,02,01,,,,,,,BOTTOM,,,0,,FALSE,TRUE,FALSE,FALSE,USD,EA,1,1,1,,0,,,0,0,0,,,,,,,,,,,,,15,0,,,,,,1,,0,0,0,0,0,0,0,,,,,,,,,,,,,,
173451-1183CITIZEN-3-34,,0,Standards & Practices,Vibes,Susan Stretch Denim Skinny Jeans Medium Blue 5 Pocket Wash,,"These darling blue jeans feature a rolled cuff that makes them feel both modern and classic. These premium skinny jeans have subtle whiskering on the front, and the 5-pocket jeans are detailed by bronze buttons. Wear this style with a statement white poplin for a crisp weekend look that's chic all year.",Susan Stretch Denim Skinny Jeans Medium Blue 5 Pocket Wash,,809666377743,,,,24,0,68,0,1,,0,0,173451,173451-1183CITIZEN,0,2,1.4,0,0,13,13,12,2,13,12,,0,,0,,,,,,,,,,,173451,,,1183CITIZEN,1183 CITIZEN,Regular,3,JUNIOR-3,STD,,34,JUNIOR-34,JUNIOR,02,01,,,,,,,BOTTOM,,,0,,FALSE,TRUE,FALSE,FALSE,USD,EA,1,1,1,,0,,,0,0,0,,,,,,,,,,,,,15,0,,,,,,1,,0,0,0,0,0,0,0,,,,,,,,,,,,,,
173451-1183CITIZEN-5-34,,0,Standards & Practices,Vibes,Susan Stretch Denim Skinny Jeans Medium Blue 5 Pocket Wash,,"These darling blue jeans feature a rolled cuff that makes them feel both modern and classic. These premium skinny jeans have subtle whiskering on the front, and the 5-pocket jeans are detailed by bronze buttons. Wear this style with a statement white poplin for a crisp weekend look that's chic all year.",Susan Stretch Denim Skinny Jeans Medium Blue 5 Pocket Wash,,809666377750,,,,24,0,68,0,1,,0,0,173451,173451-1183CITIZEN,0,2,1.4,0,0,13,13,12,2,13,12,,0,,0,,,,,,,,,,,173451,,,1183CITIZEN,1183 CITIZEN,Regular,5,JUNIOR-5,STD,,34,JUNIOR-34,JUNIOR,02,01,,,,,,,BOTTOM,,,0,,FALSE,TRUE,FALSE,FALSE,USD,EA,1,1,1,,0,,,0,0,0,,,,,,,,,,,,,15,0,,,,,,1,,0,0,0,0,0,0,0,,,,,,,,,,,,,,
173451-1183CITIZEN-7-34,,0,Standards & Practices,Vibes,Susan Stretch Denim Skinny Jeans Medium Blue 5 Pocket Wash,,"These darling blue jeans feature a rolled cuff that makes them feel both modern and classic. These premium skinny jeans have subtle whiskering on the front, and the 5-pocket jeans are detailed by bronze buttons. Wear this style with a statement white poplin for a crisp weekend look that's chic all year.",Susan Stretch Denim Skinny Jeans Medium Blue 5 Pocket Wash,,809666377767,,,,24,0,68,0,1,,0,0,173451,173451-1183CITIZEN,0,2,1.4,0,0,13,13,12,2,13,12,,0,,0,,,,,,,,,,,173451,,,1183CITIZEN,1183 CITIZEN,Regular,7,JUNIOR-7,STD,,34,JUNIOR-34,JUNIOR,02,01,,,,,,,BOTTOM,,,0,,FALSE,TRUE,FALSE,FALSE,USD,EA,1,1,1,,0,,,0,0,0,,,,,,,,,,,,,15,0,,,,,,1,,0,0,0,0,0,0,0,,,,,,,,,,,,,,
173451-1183CITIZEN-9-34,,0,Standards & Practices,Vibes,Susan Stretch Denim Skinny Jeans Medium Blue 5 Pocket Wash,,"These darling blue jeans feature a rolled cuff that makes them feel both modern and classic. These premium skinny jeans have subtle whiskering on the front, and the 5-pocket jeans are detailed by bronze buttons. Wear this style with a statement white poplin for a crisp weekend look that's chic all year.",Susan Stretch Denim Skinny Jeans Medium Blue 5 Pocket Wash,,809666377774,,,,24,0,68,0,1,,0,0,173451,173451-1183CITIZEN,0,2,1.4,0,0,13,13,12,2,13,12,,0,,0,,,,,,,,,,,173451,,,1183CITIZEN,1183 CITIZEN,Regular,9,JUNIOR-9,STD,,34,JUNIOR-34,JUNIOR,02,01,,,,,,,BOTTOM,,,0,,FALSE,TRUE,FALSE,FALSE,USD,EA,1,1,1,,0,,,0,0,0,,,,,,,,,,,,,15,0,,,,,,1,,0,0,0,0,0,0,0,,,,,,,,,,,,,,
173451-1183CITIZEN-11-34,,0,Standards & Practices,Vibes,Susan Stretch Denim Skinny Jeans Medium Blue 5 Pocket Wash,,"These darling blue jeans feature a rolled cuff that makes them feel both modern and classic. These premium skinny jeans have subtle whiskering on the front, and the 5-pocket jeans are detailed by bronze buttons. Wear this style with a statement white poplin for a crisp weekend look that's chic all year.",Susan Stretch Denim Skinny Jeans Medium Blue 5 Pocket Wash,,809666377781,,,,24,0,68,0,1,,0,0,173451,173451-1183CITIZEN,0,2,1.4,0,0,13,13,12,2,13,12,,0,,0,,,,,,,,,,,173451,,,1183CITIZEN,1183 CITIZEN,Regular,11,JUNIOR-11,STD,,34,JUNIOR-34,JUNIOR,02,01,,,,,,,BOTTOM,,,0,,FALSE,TRUE,FALSE,FALSE,USD,EA,1,1,1,,0,,,0,0,0,,,,,,,,,,,,,15,0,,,,,,1,,0,0,0,0,0,0,0,,,,,,,,,,,,,,
173451-1183CITIZEN-13-34,,0,Standards & Practices,Vibes,Susan Stretch Denim Skinny Jeans Medium Blue 5 Pocket Wash,,"These darling blue jeans feature a rolled cuff that makes them feel both modern and classic. These premium skinny jeans have subtle whiskering on the front, and the 5-pocket jeans are detailed by bronze buttons. Wear this style with a statement white poplin for a crisp weekend look that's chic all year.",Susan Stretch Denim Skinny Jeans Medium Blue 5 Pocket Wash,,809666377798,,,,24,0,68,0,1,,0,0,173451,173451-1183CITIZEN,0,2,1.4,0,0,13,13,12,2,13,12,,0,,0,,,,,,,,,,,173451,,,1183CITIZEN,1183 CITIZEN,Regular,13,JUNIOR-13,STD,,34,JUNIOR-34,JUNIOR,02,01,,,,,,,BOTTOM,,,0,,FALSE,TRUE,FALSE,FALSE,USD,EA,1,1,1,,0,,,0,0,0,,,,,,,,,,,,,15,0,,,,,,1,,0,0,0,0,0,0,0,,,,,,,,,,,,,,
173451-1183CITIZEN-15-34,,0,Standards & Practices,Vibes,Susan Stretch Denim Skinny Jeans Medium Blue 5 Pocket Wash,,"These darling blue jeans feature a rolled cuff that makes them feel both modern and classic. These premium skinny jeans have subtle whiskering on the front, and the 5-pocket jeans are detailed by bronze buttons. Wear this style with a statement white poplin for a crisp weekend look that's chic all year.",Susan Stretch Denim Skinny Jeans Medium Blue 5 Pocket Wash,,809666377804,,,,24,0,68,0,1,,0,0,173451,173451-1183CITIZEN,0,2,1.4,0,0,13,13,12,2,13,12,,0,,0,,,,,,,,,,,173451,,,1183CITIZEN,1183 CITIZEN,Regular,15,JUNIOR-15,STD,,34,JUNIOR-34,JUNIOR,02,01,,,,,,,BOTTOM,,,0,,FALSE,TRUE,FALSE,FALSE,USD,EA,1,1,1,,0,,,0,0,0,,,,,,,,,,,,,15,0,,,,,,1,,0,0,0,0,0,0,0,,,,,,,,,,,,,,
173451-1183CITIZEN-17-34,,0,Standards & Practices,Vibes,Susan Stretch Denim Skinny Jeans Medium Blue 5 Pocket Wash,,"These darling blue jeans feature a rolled cuff that makes them feel both modern and classic. These premium skinny jeans have subtle whiskering on the front, and the 5-pocket jeans are detailed by bronze buttons. Wear this style with a statement white poplin for a crisp weekend look that's chic all year.",Susan Stretch Denim Skinny Jeans Medium Blue 5 Pocket Wash,,809666377811,,,,24,0,68,0,1,,0,0,173451,173451-1183CITIZEN,0,2,1.4,0,0,13,13,12,2,13,12,,0,,0,,,,,,,,,,,173451,,,1183CITIZEN,1183 CITIZEN,Regular,17,JUNIOR-17,STD,,34,JUNIOR-34,JUNIOR,02,01,,,,,,,BOTTOM,,,0,,FALSE,TRUE,FALSE,FALSE,USD,EA,1,1,1,,0,,,0,0,0,,,,,,,,,,,,,15,0,,,,,,1,,0,0,0,0,0,0,0,,,,,,,,,,,,,,
173451-1183CITIZEN-19-34,,0,Standards & Practices,Vibes,Susan Stretch Denim Skinny Jeans Medium Blue 5 Pocket Wash,,"These darling blue jeans feature a rolled cuff that makes them feel both modern and classic. These premium skinny jeans have subtle whiskering on the front, and the 5-pocket jeans are detailed by bronze buttons. Wear this style with a statement white poplin for a crisp weekend look that's chic all year.",Susan Stretch Denim Skinny Jeans Medium Blue 5 Pocket Wash,,809666377828,,,,24,0,68,0,1,,0,0,173451,173451-1183CITIZEN,0,2,1.4,0,0,13,13,12,2,13,12,,0,,0,,,,,,,,,,,173451,,,1183CITIZEN,1183 CITIZEN,Regular,19,JUNIOR-19,STD,,34,JUNIOR-34,JUNIOR,02,01,,,,,,,BOTTOM,,,0,,FALSE,TRUE,FALSE,FALSE,USD,EA,1,1,1,,0,,,0,0,0,,,,,,,,,,,,,15,0,,,,,,1,,0,0,0,0,0,0,0,,,,,,,,,,,,,,
173451-1183CITIZEN-21-34,,0,Standards & Practices,Vibes,Susan Stretch Denim Skinny Jeans Medium Blue 5 Pocket Wash,,"These darling blue jeans feature a rolled cuff that makes them feel both modern and classic. These premium skinny jeans have subtle whiskering on the front, and the 5-pocket jeans are detailed by bronze buttons. Wear this style with a statement white poplin for a crisp weekend look that's chic all year.",Susan Stretch Denim Skinny Jeans Medium Blue 5 Pocket Wash,,809666377835,,,,24,0,68,0,1,,0,0,173451,173451-1183CITIZEN,0,2,1.4,0,0,13,13,12,2,13,12,,0,,0,,,,,,,,,,,173451,,,1183CITIZEN,1183 CITIZEN,Regular,21,JUNIOR-21,STD,,34,JUNIOR-34,JUNIOR,02,01,,,,,,,BOTTOM,,,0,,FALSE,TRUE,FALSE,FALSE,USD,EA,1,1,1,,0,,,0,0,0,,,,,,,,,,,,,15,0,,,,,,1,,0,0,0,0,0,0,0,,,,,,,,,,,,,,
173451-1183CITIZEN-25-34,,0,Standards & Practices,Vibes,Susan Stretch Denim Skinny Jeans Medium Blue 5 Pocket Wash,,"These darling blue jeans feature a rolled cuff that makes them feel both modern and classic. These premium skinny jeans have subtle whiskering on the front, and the 5-pocket jeans are detailed by bronze buttons. Wear this style with a statement white poplin for a crisp weekend look that's chic all year.",Susan Stretch Denim Skinny Jeans Medium Blue 5 Pocket Wash,,809666377859,,,,24,0,68,0,1,,0,0,173451,173451-1183CITIZEN,0,2,1.4,0,0,13,13,12,2,13,12,,0,,0,,,,,,,,,,,173451,,,1183CITIZEN,1183 CITIZEN,Regular,25,JUNIOR-25,STD,,34,JUNIOR-34,JUNIOR,02,01,,,,,,,BOTTOM,,,0,,FALSE,TRUE,FALSE,FALSE,USD,EA,1,1,1,,0,,,0,0,0,,,,,,,,,,,,,15,0,,,,,,1,,0,0,0,0,0,0,0,,,,,,,,,,,,,,
173451-1183CITIZEN-1-STD,,0,Standards & Practices,Vibes,Susan Stretch Denim Skinny Jeans Medium Blue 5 Pocket Wash,,"These darling blue jeans feature a rolled cuff that makes them feel both modern and classic. These premium skinny jeans have subtle whiskering on the front, and the 5-pocket jeans are detailed by bronze buttons. Wear this style with a statement white poplin for a crisp weekend look that's chic all year.",Susan Stretch Denim Skinny Jeans Medium Blue 5 Pocket Wash,,809666377866,,,,24,0,68,0,1,,0,0,173451,173451-1183CITIZEN,0,2,1.4,0,0,13,13,12,2,13,12,,0,,0,,,,,,,,,,,173451,,,1183CITIZEN,1183 CITIZEN,Regular,1,JUNIOR-1,STD,,STD,JUNIOR-STD,JUNIOR,02,01,,,,,,,BOTTOM,,,0,,FALSE,TRUE,FALSE,FALSE,USD,EA,1,1,1,,0,,,0,0,0,,,,,,,,,,,,,15,0,,,,,,1,,0,0,0,0,0,0,0,,,,,,,,,,,,,,
173451-1183CITIZEN-3-STD,,0,Standards & Practices,Vibes,Susan Stretch Denim Skinny Jeans Medium Blue 5 Pocket Wash,,"These darling blue jeans feature a rolled cuff that makes them feel both modern and classic. These premium skinny jeans have subtle whiskering on the front, and the 5-pocket jeans are detailed by bronze buttons. Wear this style with a statement white poplin for a crisp weekend look that's chic all year.",Susan Stretch Denim Skinny Jeans Medium Blue 5 Pocket Wash,,809666377873,,,,24,0,68,0,1,,0,0,173451,173451-1183CITIZEN,0,2,1.4,0,0,13,13,12,2,13,12,,0,,0,,,,,,,,,,,173451,,,1183CITIZEN,1183 CITIZEN,Regular,3,JUNIOR-3,STD,,STD,JUNIOR-STD,JUNIOR,02,01,,,,,,,BOTTOM,,,0,,FALSE,TRUE,FALSE,FALSE,USD,EA,1,1,1,,0,,,0,0,0,,,,,,,,,,,,,15,0,,,,,,1,,0,0,0,0,0,0,0,,,,,,,,,,,,,,
173451-1183CITIZEN-5-STD,,0,Standards & Practices,Vibes,Susan Stretch Denim Skinny Jeans Medium Blue 5 Pocket Wash,,"These darling blue jeans feature a rolled cuff that makes them feel both modern and classic. These premium skinny jeans have subtle whiskering on the front, and the 5-pocket jeans are detailed by bronze buttons. Wear this style with a statement white poplin for a crisp weekend look that's chic all year.",Susan Stretch Denim Skinny Jeans Medium Blue 5 Pocket Wash,,809666377880,,,,24,0,68,0,1,,0,0,173451,173451-1183CITIZEN,0,2,1.4,0,0,13,13,12,2,13,12,,0,,0,,,,,,,,,,,173451,,,1183CITIZEN,1183 CITIZEN,Regular,5,JUNIOR-5,STD,,STD,JUNIOR-STD,JUNIOR,02,01,,,,,,,BOTTOM,,,0,,FALSE,TRUE,FALSE,FALSE,USD,EA,1,1,1,,0,,,0,0,0,,,,,,,,,,,,,15,0,,,,,,1,,0,0,0,0,0,0,0,,,,,,,,,,,,,,
173451-1183CITIZEN-7-STD,,0,Standards & Practices,Vibes,Susan Stretch Denim Skinny Jeans Medium Blue 5 Pocket Wash,,"These darling blue jeans feature a rolled cuff that makes them feel both modern and classic. These premium skinny jeans have subtle whiskering on the front, and the 5-pocket jeans are detailed by bronze buttons. Wear this style with a statement white poplin for a crisp weekend look that's chic all year.",Susan Stretch Denim Skinny Jeans Medium Blue 5 Pocket Wash,,809666377897,,,,24,0,68,0,1,,0,0,173451,173451-1183CITIZEN,0,2,1.4,0,0,13,13,12,2,13,12,,0,,0,,,,,,,,,,,173451,,,1183CITIZEN,1183 CITIZEN,Regular,7,JUNIOR-7,STD,,STD,JUNIOR-STD,JUNIOR,02,01,,,,,,,BOTTOM,,,0,,FALSE,TRUE,FALSE,FALSE,USD,EA,1,1,1,,0,,,0,0,0,,,,,,,,,,,,,15,0,,,,,,1,,0,0,0,0,0,0,0,,,,,,,,,,,,,,
173451-1183CITIZEN-9-STD,,0,Standards & Practices,Vibes,Susan Stretch Denim Skinny Jeans Medium Blue 5 Pocket Wash,,"These darling blue jeans feature a rolled cuff that makes them feel both modern and classic. These premium skinny jeans have subtle whiskering on the front, and the 5-pocket jeans are detailed by bronze buttons. Wear this style with a statement white poplin for a crisp weekend look that's chic all year.",Susan Stretch Denim Skinny Jeans Medium Blue 5 Pocket Wash,,809666377903,,,,24,0,68,0,1,,0,0,173451,173451-1183CITIZEN,0,2,1.4,0,0,13,13,12,2,13,12,,0,,0,,,,,,,,,,,173451,,,1183CITIZEN,1183 CITIZEN,Regular,9,JUNIOR-9,STD,,STD,JUNIOR-STD,JUNIOR,02,01,,,,,,,BOTTOM,,,0,,FALSE,TRUE,FALSE,FALSE,USD,EA,1,1,1,,0,,,0,0,0,,,,,,,,,,,,,15,0,,,,,,1,,0,0,0,0,0,0,0,,,,,,,,,,,,,,
173451-1183CITIZEN-11-STD,,0,Standards & Practices,Vibes,Susan Stretch Denim Skinny Jeans Medium Blue 5 Pocket Wash,,"These darling blue jeans feature a rolled cuff that makes them feel both modern and classic. These premium skinny jeans have subtle whiskering on the front, and the 5-pocket jeans are detailed by bronze buttons. Wear this style with a statement white poplin for a crisp weekend look that's chic all year.",Susan Stretch Denim Skinny Jeans Medium Blue 5 Pocket Wash,,809666377910,,,,24,0,68,0,1,,0,0,173451,173451-1183CITIZEN,0,2,1.4,0,0,13,13,12,2,13,12,,0,,0,,,,,,,,,,,173451,,,1183CITIZEN,1183 CITIZEN,Regular,11,JUNIOR-11,STD,,STD,JUNIOR-STD,JUNIOR,02,01,,,,,,,BOTTOM,,,0,,FALSE,TRUE,FALSE,FALSE,USD,EA,1,1,1,,0,,,0,0,0,,,,,,,,,,,,,15,0,,,,,,1,,0,0,0,0,0,0,0,,,,,,,,,,,,,,
173451-1183CITIZEN-13-STD,,0,Standards & Practices,Vibes,Susan Stretch Denim Skinny Jeans Medium Blue 5 Pocket Wash,,"These darling blue jeans feature a rolled cuff that makes them feel both modern and classic. These premium skinny jeans have subtle whiskering on the front, and the 5-pocket jeans are detailed by bronze buttons. Wear this style with a statement white poplin for a crisp weekend look that's chic all year.",Susan Stretch Denim Skinny Jeans Medium Blue 5 Pocket Wash,,809666377927,,,,24,0,68,0,1,,0,0,173451,173451-1183CITIZEN,0,2,1.4,0,0,13,13,12,2,13,12,,0,,0,,,,,,,,,,,173451,,,1183CITIZEN,1183 CITIZEN,Regular,13,JUNIOR-13,STD,,STD,JUNIOR-STD,JUNIOR,02,01,,,,,,,BOTTOM,,,0,,FALSE,TRUE,FALSE,FALSE,USD,EA,1,1,1,,0,,,0,0,0,,,,,,,,,,,,,15,0,,,,,,1,,0,0,0,0,0,0,0,,,,,,,,,,,,,,
173451-1183CITIZEN-15-STD,,0,Standards & Practices,Vibes,Susan Stretch Denim Skinny Jeans Medium Blue 5 Pocket Wash,,"These darling blue jeans feature a rolled cuff that makes them feel both modern and classic. These premium skinny jeans have subtle whiskering on the front, and the 5-pocket jeans are detailed by bronze buttons. Wear this style with a statement white poplin for a crisp weekend look that's chic all year.",Susan Stretch Denim Skinny Jeans Medium Blue 5 Pocket Wash,,809666377934,,,,24,0,68,0,1,,0,0,173451,173451-1183CITIZEN,0,2,1.4,0,0,13,13,12,2,13,12,,0,,0,,,,,,,,,,,173451,,,1183CITIZEN,1183 CITIZEN,Regular,15,JUNIOR-15,STD,,STD,JUNIOR-STD,JUNIOR,02,01,,,,,,,BOTTOM,,,0,,FALSE,TRUE,FALSE,FALSE,USD,EA,1,1,1,,0,,,0,0,0,,,,,,,,,,,,,15,0,,,,,,1,,0,0,0,0,0,0,0,,,,,,,,,,,,,,
173451-1183CITIZEN-17-STD,,0,Standards & Practices,Vibes,Susan Stretch Denim Skinny Jeans Medium Blue 5 Pocket Wash,,"These darling blue jeans feature a rolled cuff that makes them feel both modern and classic. These premium skinny jeans have subtle whiskering on the front, and the 5-pocket jeans are detailed by bronze buttons. Wear this style with a statement white poplin for a crisp weekend look that's chic all year.",Susan Stretch Denim Skinny Jeans Medium Blue 5 Pocket Wash,,809666377941,,,,24,0,68,0,1,,0,0,173451,173451-1183CITIZEN,0,2,1.4,0,0,13,13,12,2,13,12,,0,,0,,,,,,,,,,,173451,,,1183CITIZEN,1183 CITIZEN,Regular,17,JUNIOR-17,STD,,STD,JUNIOR-STD,JUNIOR,02,01,,,,,,,BOTTOM,,,0,,FALSE,TRUE,FALSE,FALSE,USD,EA,1,1,1,,0,,,0,0,0,,,,,,,,,,,,,15,0,,,,,,1,,0,0,0,0,0,0,0,,,,,,,,,,,,,,
173451-1183CITIZEN-19-STD,,0,Standards & Practices,Vibes,Susan Stretch Denim Skinny Jeans Medium Blue 5 Pocket Wash,,"These darling blue jeans feature a rolled cuff that makes them feel both modern and classic. These premium skinny jeans have subtle whiskering on the front, and the 5-pocket jeans are detailed by bronze buttons. Wear this style with a statement white poplin for a crisp weekend look that's chic all year.",Susan Stretch Denim Skinny Jeans Medium Blue 5 Pocket Wash,,809666377958,,,,24,0,68,0,1,,0,0,173451,173451-1183CITIZEN,0,2,1.4,0,0,13,13,12,2,13,12,,0,,0,,,,,,,,,,,173451,,,1183CITIZEN,1183 CITIZEN,Regular,19,JUNIOR-19,STD,,STD,JUNIOR-STD,JUNIOR,02,01,,,,,,,BOTTOM,,,0,,FALSE,TRUE,FALSE,FALSE,USD,EA,1,1,1,,0,,,0,0,0,,,,,,,,,,,,,15,0,,,,,,1,,0,0,0,0,0,0,0,,,,,,,,,,,,,,
173451-1183CITIZEN-21-STD,,0,Standards & Practices,Vibes,Susan Stretch Denim Skinny Jeans Medium Blue 5 Pocket Wash,,"These darling blue jeans feature a rolled cuff that makes them feel both modern and classic. These premium skinny jeans have subtle whiskering on the front, and the 5-pocket jeans are detailed by bronze buttons. Wear this style with a statement white poplin for a crisp weekend look that's chic all year.",Susan Stretch Denim Skinny Jeans Medium Blue 5 Pocket Wash,,809666377965,,,,24,0,68,0,1,,0,0,173451,173451-1183CITIZEN,0,2,1.4,0,0,13,13,12,2,13,12,,0,,0,,,,,,,,,,,173451,,,1183CITIZEN,1183 CITIZEN,Regular,21,JUNIOR-21,STD,,STD,JUNIOR-STD,JUNIOR,02,01,,,,,,,BOTTOM,,,0,,FALSE,TRUE,FALSE,FALSE,USD,EA,1,1,1,,0,,,0,0,0,,,,,,,,,,,,,15,0,,,,,,1,,0,0,0,0,0,0,0,,,,,,,,,,,,,,
173451-1183CITIZEN-23-STD,,0,Standards & Practices,Vibes,Susan Stretch Denim Skinny Jeans Medium Blue 5 Pocket Wash,,"These darling blue jeans feature a rolled cuff that makes them feel both modern and classic. These premium skinny jeans have subtle whiskering on the front, and the 5-pocket jeans are detailed by bronze buttons. Wear this style with a statement white poplin for a crisp weekend look that's chic all year.",Susan Stretch Denim Skinny Jeans Medium Blue 5 Pocket Wash,,809666377972,,,,24,0,68,0,1,,0,0,173451,173451-1183CITIZEN,0,2,1.4,0,0,13,13,12,2,13,12,,0,,0,,,,,,,,,,,173451,,,1183CITIZEN,1183 CITIZEN,Regular,23,JUNIOR-23,STD,,STD,JUNIOR-STD,JUNIOR,02,01,,,,,,,BOTTOM,,,0,,FALSE,TRUE,FALSE,FALSE,USD,EA,1,1,1,,0,,,0,0,0,,,,,,,,,,,,,15,0,,,,,,1,,0,0,0,0,0,0,0,,,,,,,,,,,,,,
173451-1183CITIZEN-25-STD,,0,Standards & Practices,Vibes,Susan Stretch Denim Skinny Jeans Medium Blue 5 Pocket Wash,,"These darling blue jeans feature a rolled cuff that makes them feel both modern and classic. These premium skinny jeans have subtle whiskering on the front, and the 5-pocket jeans are detailed by bronze buttons. Wear this style with a statement white poplin for a crisp weekend look that's chic all year.",Susan Stretch Denim Skinny Jeans Medium Blue 5 Pocket Wash,,809666377989,,,,24,0,68,0,1,,0,0,173451,173451-1183CITIZEN,0,2,1.4,0,0,13,13,12,2,13,12,,0,,0,,,,,,,,,,,173451,,,1183CITIZEN,1183 CITIZEN,Regular,25,JUNIOR-25,STD,,STD,JUNIOR-STD,JUNIOR,02,01,,,,,,,BOTTOM,,,0,,FALSE,TRUE,FALSE,FALSE,USD,EA,1,1,1,,0,,,0,0,0,,,,,,,,,,,,,15,0,,,,,,1,,0,0,0,0,0,0,0,,,,,,,,,,,,,,
F13031C-1742VNTGBJ-24-STD,,0,Standards & Practices,Vibes,Cayden Vintage Beujolias Corduroy Skinny Jeans,"An updated version of your favorite vintage corduroy. A skinny fit with added stretch and softness with the cotton/spandex blend creates comfort, and fit that moves with you. Bold modern color for a fashion-forward look.",Five-pocket stretch woven corduroy skinny pants with wine stitching and copper hardware.,Cayden Vintage Beujolias Corduroy Skinny Jeans,,809666254778,,,,34,0,88,0,1,,0,0,F13031C,F13031C-1742VNTGBJ,0,2,1,0,0,13,13,12,2,13,12,,0,,0,,,,,,,,,,,F13031C,,,1742VNTGBJ,1742 VNTG BJ,Regular,24,WOMEN-24,STD,,STD,WOMEN-STD,WOMEN,02,01,,,,,,,BOTTOM,,,0,,FALSE,TRUE,FALSE,FALSE,USD,EA,1,1,1,,0,,,0,0,0,,,,,,,,,,,,,16.9,0,,,,,,1,,0,0,0,0,0,0,0,,,,,,,,,,,,,,
F13031C-1742VNTGBJ-25-STD,,0,Standards & Practices,Vibes,Cayden Vintage Beujolias Corduroy Skinny Jeans,"An updated version of your favorite vintage corduroy. A skinny fit with added stretch and softness with the cotton/spandex blend creates comfort, and fit that moves with you. Bold modern color for a fashion-forward look.",Five-pocket stretch woven corduroy skinny pants with wine stitching and copper hardware.,Cayden Vintage Beujolias Corduroy Skinny Jeans,,809666254785,,,,34,0,88,0,1,,0,0,F13031C,F13031C-1742VNTGBJ,0,2,1,0,0,13,13,12,2,13,12,,0,,0,,,,,,,,,,,F13031C,,,1742VNTGBJ,1742 VNTG BJ,Regular,25,WOMEN-25,STD,,STD,WOMEN-STD,WOMEN,02,01,,,,,,,BOTTOM,,,0,,FALSE,TRUE,FALSE,FALSE,USD,EA,1,1,1,,0,,,0,0,0,,,,,,,,,,,,,16.9,0,,,,,,1,,0,0,0,0,0,0,0,,,,,,,,,,,,,,
F13031C-1742VNTGBJ-26-STD,,0,Standards & Practices,Vibes,Cayden Vintage Beujolias Corduroy Skinny Jeans,"An updated version of your favorite vintage corduroy. A skinny fit with added stretch and softness with the cotton/spandex blend creates comfort, and fit that moves with you. Bold modern color for a fashion-forward look.",Five-pocket stretch woven corduroy skinny pants with wine stitching and copper hardware.,Cayden Vintage Beujolias Corduroy Skinny Jeans,,809666254792,,,,34,0,88,0,1,,0,0,F13031C,F13031C-1742VNTGBJ,0,2,1,0,0,13,13,12,2,13,12,,0,,0,,,,,,,,,,,F13031C,,,1742VNTGBJ,1742 VNTG BJ,Regular,26,WOMEN-26,STD,,STD,WOMEN-STD,WOMEN,02,01,,,,,,,BOTTOM,,,0,,FALSE,TRUE,FALSE,FALSE,USD,EA,1,1,1,,0,,,0,0,0,,,,,,,,,,,,,16.9,0,,,,,,1,,0,0,0,0,0,0,0,,,,,,,,,,,,,,
F13031C-1742VNTGBJ-27-STD,,0,Standards & Practices,Vibes,Cayden Vintage Beujolias Corduroy Skinny Jeans,"An updated version of your favorite vintage corduroy. A skinny fit with added stretch and softness with the cotton/spandex blend creates comfort, and fit that moves with you. Bold modern color for a fashion-forward look.",Five-pocket stretch woven corduroy skinny pants with wine stitching and copper hardware.,Cayden Vintage Beujolias Corduroy Skinny Jeans,,809666254808,,,,34,0,88,0,1,,0,0,F13031C,F13031C-1742VNTGBJ,0,2,1,0,0,13,13,12,2,13,12,,0,,0,,,,,,,,,,,F13031C,,,1742VNTGBJ,1742 VNTG BJ,Regular,27,WOMEN-27,STD,,STD,WOMEN-STD,WOMEN,02,01,,,,,,,BOTTOM,,,0,,FALSE,TRUE,FALSE,FALSE,USD,EA,1,1,1,,0,,,0,0,0,,,,,,,,,,,,,16.9,0,,,,,,1,,0,0,0,0,0,0,0,,,,,,,,,,,,,,
F13031C-1742VNTGBJ-28-STD,,0,Standards & Practices,Vibes,Cayden Vintage Beujolias Corduroy Skinny Jeans,"An updated version of your favorite vintage corduroy. A skinny fit with added stretch and softness with the cotton/spandex blend creates comfort, and fit that moves with you. Bold modern color for a fashion-forward look.",Five-pocket stretch woven corduroy skinny pants with wine stitching and copper hardware.,Cayden Vintage Beujolias Corduroy Skinny Jeans,,809666254815,,,,34,0,88,0,1,,0,0,F13031C,F13031C-1742VNTGBJ,0,2,1,0,0,13,13,12,2,13,12,,0,,0,,,,,,,,,,,F13031C,,,1742VNTGBJ,1742 VNTG BJ,Regular,28,WOMEN-28,STD,,STD,WOMEN-STD,WOMEN,02,01,,,,,,,BOTTOM,,,0,,FALSE,TRUE,FALSE,FALSE,USD,EA,1,1,1,,0,,,0,0,0,,,,,,,,,,,,,16.9,0,,,,,,1,,0,0,0,0,0,0,0,,,,,,,,,,,,,,
F13031C-1742VNTGBJ-29-STD,,0,Standards & Practices,Vibes,Cayden Vintage Beujolias Corduroy Skinny Jeans,"An updated version of your favorite vintage corduroy. A skinny fit with added stretch and softness with the cotton/spandex blend creates comfort, and fit that moves with you. Bold modern color for a fashion-forward look.",Five-pocket stretch woven corduroy skinny pants with wine stitching and copper hardware.,Cayden Vintage Beujolias Corduroy Skinny Jeans,,809666254822,,,,34,0,88,0,1,,0,0,F13031C,F13031C-1742VNTGBJ,0,2,1,0,0,13,13,12,2,13,12,,0,,0,,,,,,,,,,,F13031C,,,1742VNTGBJ,1742 VNTG BJ,Regular,29,WOMEN-29,STD,,STD,WOMEN-STD,WOMEN,02,01,,,,,,,BOTTOM,,,0,,FALSE,TRUE,FALSE,FALSE,USD,EA,1,1,1,,0,,,0,0,0,,,,,,,,,,,,,16.9,0,,,,,,1,,0,0,0,0,0,0,0,,,,,,,,,,,,,,
F13031C-1742VNTGBJ-30-STD,,0,Standards & Practices,Vibes,Cayden Vintage Beujolias Corduroy Skinny Jeans,"An updated version of your favorite vintage corduroy. A skinny fit with added stretch and softness with the cotton/spandex blend creates comfort, and fit that moves with you. Bold modern color for a fashion-forward look.",Five-pocket stretch woven corduroy skinny pants with wine stitching and copper hardware.,Cayden Vintage Beujolias Corduroy Skinny Jeans,,809666254839,,,,34,0,88,0,1,,0,0,F13031C,F13031C-1742VNTGBJ,0,2,1,0,0,13,13,12,2,13,12,,0,,0,,,,,,,,,,,F13031C,,,1742VNTGBJ,1742 VNTG BJ,Regular,30,WOMEN-30,STD,,STD,WOMEN-STD,WOMEN,02,01,,,,,,,BOTTOM,,,0,,FALSE,TRUE,FALSE,FALSE,USD,EA,1,1,1,,0,,,0,0,0,,,,,,,,,,,,,16.9,0,,,,,,1,,0,0,0,0,0,0,0,,,,,,,,,,,,,,
F13031C-1742VNTGBJ-31-STD,,0,Standards & Practices,Vibes,Cayden Vintage Beujolias Corduroy Skinny Jeans,"An updated version of your favorite vintage corduroy. A skinny fit with added stretch and softness with the cotton/spandex blend creates comfort, and fit that moves with you. Bold modern color for a fashion-forward look.",Five-pocket stretch woven corduroy skinny pants with wine stitching and copper hardware.,Cayden Vintage Beujolias Corduroy Skinny Jeans,,809666254846,,,,34,0,88,0,1,,0,0,F13031C,F13031C-1742VNTGBJ,0,2,1,0,0,13,13,12,2,13,12,,0,,0,,,,,,,,,,,F13031C,,,1742VNTGBJ,1742 VNTG BJ,Regular,31,WOMEN-31,STD,,STD,WOMEN-STD,WOMEN,02,01,,,,,,,BOTTOM,,,0,,FALSE,TRUE,FALSE,FALSE,USD,EA,1,1,1,,0,,,0,0,0,,,,,,,,,,,,,16.9,0,,,,,,1,,0,0,0,0,0,0,0,,,,,,,,,,,,,,
F13031C-1742VNTGBJ-32-STD,,0,Standards & Practices,Vibes,Cayden Vintage Beujolias Corduroy Skinny Jeans,"An updated version of your favorite vintage corduroy. A skinny fit with added stretch and softness with the cotton/spandex blend creates comfort, and fit that moves with you. Bold modern color for a fashion-forward look.",Five-pocket stretch woven corduroy skinny pants with wine stitching and copper hardware.,Cayden Vintage Beujolias Corduroy Skinny Jeans,,809666254853,,,,34,0,88,0,1,,0,0,F13031C,F13031C-1742VNTGBJ,0,2,1,0,0,13,13,12,2,13,12,,0,,0,,,,,,,,,,,F13031C,,,1742VNTGBJ,1742 VNTG BJ,Regular,32,WOMEN-32,STD,,STD,WOMEN-STD,WOMEN,02,01,,,,,,,BOTTOM,,,0,,FALSE,TRUE,FALSE,FALSE,USD,EA,1,1,1,,0,,,0,0,0,,,,,,,,,,,,,16.9,0,,,,,,1,,0,0,0,0,0,0,0,,,,,,,,,,,,,,
F13031C-1742VNTGCO-24-STD,,0,Standards & Practices,Vibes,Cayden Vintage Beujolias Corduroy Skinny Jeans,"An updated version of your favorite vintage corduroy. A skinny fit with added stretch and softness with the cotton/spandex blend creates comfort, and fit that moves with you. Bold modern color for a fashion-forward look.",Five-pocket stretch woven corduroy skinny pants with wine stitching and copper hardware.,Cayden Vintage Beujolias Corduroy Skinny Jeans,,809666254860,,,,34,0,88,0,1,,0,0,F13031C,F13031C-1742VNTGCO,0,2,1,0,0,13,13,12,2,13,12,,0,,0,,,,,,,,,,,F13031C,,,1742VNTGCO,1742 VNTG CO,Regular,24,WOMEN-24,STD,,STD,WOMEN-STD,WOMEN,02,01,,,,,,,BOTTOM,,,0,,FALSE,TRUE,FALSE,FALSE,USD,EA,1,1,1,,0,,,0,0,0,,,,,,,,,,,,,16.9,0,,,,,,1,,0,0,0,0,0,0,0,,,,,,,,,,,,,,
F13031C-1742VNTGCO-25-STD,,0,Standards & Practices,Vibes,Cayden Vintage Beujolias Corduroy Skinny Jeans,"An updated version of your favorite vintage corduroy. A skinny fit with added stretch and softness with the cotton/spandex blend creates comfort, and fit that moves with you. Bold modern color for a fashion-forward look.",Five-pocket stretch woven corduroy skinny pants with wine stitching and copper hardware.,Cayden Vintage Beujolias Corduroy Skinny Jeans,,809666254877,,,,34,0,88,0,1,,0,0,F13031C,F13031C-1742VNTGCO,0,2,1,0,0,13,13,12,2,13,12,,0,,0,,,,,,,,,,,F13031C,,,1742VNTGCO,1742 VNTG CO,Regular,25,WOMEN-25,STD,,STD,WOMEN-STD,WOMEN,02,01,,,,,,,BOTTOM,,,0,,FALSE,TRUE,FALSE,FALSE,USD,EA,1,1,1,,0,,,0,0,0,,,,,,,,,,,,,16.9,0,,,,,,1,,0,0,0,0,0,0,0,,,,,,,,,,,,,,
F13031C-1742VNTGCO-26-STD,,0,Standards & Practices,Vibes,Cayden Vintage Beujolias Corduroy Skinny Jeans,"An updated version of your favorite vintage corduroy. A skinny fit with added stretch and softness with the cotton/spandex blend creates comfort, and fit that moves with you. Bold modern color for a fashion-forward look.",Five-pocket stretch woven corduroy skinny pants with wine stitching and copper hardware.,Cayden Vintage Beujolias Corduroy Skinny Jeans,,809666254884,,,,34,0,88,0,1,,0,0,F13031C,F13031C-1742VNTGCO,0,2,1,0,0,13,13,12,2,13,12,,0,,0,,,,,,,,,,,F13031C,,,1742VNTGCO,1742 VNTG CO,Regular,26,WOMEN-26,STD,,STD,WOMEN-STD,WOMEN,02,01,,,,,,,BOTTOM,,,0,,FALSE,TRUE,FALSE,FALSE,USD,EA,1,1,1,,0,,,0,0,0,,,,,,,,,,,,,16.9,0,,,,,,1,,0,0,0,0,0,0,0,,,,,,,,,,,,,,
F13031C-1742VNTGCO-27-STD,,0,Standards & Practices,Vibes,Cayden Vintage Beujolias Corduroy Skinny Jeans,"An updated version of your favorite vintage corduroy. A skinny fit with added stretch and softness with the cotton/spandex blend creates comfort, and fit that moves with you. Bold modern color for a fashion-forward look.",Five-pocket stretch woven corduroy skinny pants with wine stitching and copper hardware.,Cayden Vintage Beujolias Corduroy Skinny Jeans,,809666254891,,,,34,0,88,0,1,,0,0,F13031C,F13031C-1742VNTGCO,0,2,1,0,0,13,13,12,2,13,12,,0,,0,,,,,,,,,,,F13031C,,,1742VNTGCO,1742 VNTG CO,Regular,27,WOMEN-27,STD,,STD,WOMEN-STD,WOMEN,02,01,,,,,,,BOTTOM,,,0,,FALSE,TRUE,FALSE,FALSE,USD,EA,1,1,1,,0,,,0,0,0,,,,,,,,,,,,,16.9,0,,,,,,1,,0,0,0,0,0,0,0,,,,,,,,,,,,,,
F13031C-1742VNTGCO-28-STD,,0,Standards & Practices,Vibes,Cayden Vintage Beujolias Corduroy Skinny Jeans,"An updated version of your favorite vintage corduroy. A skinny fit with added stretch and softness with the cotton/spandex blend creates comfort, and fit that moves with you. Bold modern color for a fashion-forward look.",Five-pocket stretch woven corduroy skinny pants with wine stitching and copper hardware.,Cayden Vintage Beujolias Corduroy Skinny Jeans,,809666254907,,,,34,0,88,0,1,,0,0,F13031C,F13031C-1742VNTGCO,0,2,1,0,0,13,13,12,2,13,12,,0,,0,,,,,,,,,,,F13031C,,,1742VNTGCO,1742 VNTG CO,Regular,28,WOMEN-28,STD,,STD,WOMEN-STD,WOMEN,02,01,,,,,,,BOTTOM,,,0,,FALSE,TRUE,FALSE,FALSE,USD,EA,1,1,1,,0,,,0,0,0,,,,,,,,,,,,,16.9,0,,,,,,1,,0,0,0,0,0,0,0,,,,,,,,,,,,,,
F13031C-1742VNTGCO-29-STD,,0,Standards & Practices,Vibes,Cayden Vintage Beujolias Corduroy Skinny Jeans,"An updated version of your favorite vintage corduroy. A skinny fit with added stretch and softness with the cotton/spandex blend creates comfort, and fit that moves with you. Bold modern color for a fashion-forward look.",Five-pocket stretch woven corduroy skinny pants with wine stitching and copper hardware.,Cayden Vintage Beujolias Corduroy Skinny Jeans,,809666254914,,,,34,0,88,0,1,,0,0,F13031C,F13031C-1742VNTGCO,0,2,1,0,0,13,13,12,2,13,12,,0,,0,,,,,,,,,,,F13031C,,,1742VNTGCO,1742 VNTG CO,Regular,29,WOMEN-29,STD,,STD,WOMEN-STD,WOMEN,02,01,,,,,,,BOTTOM,,,0,,FALSE,TRUE,FALSE,FALSE,USD,EA,1,1,1,,0,,,0,0,0,,,,,,,,,,,,,16.9,0,,,,,,1,,0,0,0,0,0,0,0,,,,,,,,,,,,,,
F13031C-1742VNTGCO-30-STD,,0,Standards & Practices,Vibes,Cayden Vintage Beujolias Corduroy Skinny Jeans,"An updated version of your favorite vintage corduroy. A skinny fit with added stretch and softness with the cotton/spandex blend creates comfort, and fit that moves with you. Bold modern color for a fashion-forward look.",Five-pocket stretch woven corduroy skinny pants with wine stitching and copper hardware.,Cayden Vintage Beujolias Corduroy Skinny Jeans,,809666254921,,,,34,0,88,0,1,,0,0,F13031C,F13031C-1742VNTGCO,0,2,1,0,0,13,13,12,2,13,12,,0,,0,,,,,,,,,,,F13031C,,,1742VNTGCO,1742 VNTG CO,Regular,30,WOMEN-30,STD,,STD,WOMEN-STD,WOMEN,02,01,,,,,,,BOTTOM,,,0,,FALSE,TRUE,FALSE,FALSE,USD,EA,1,1,1,,0,,,0,0,0,,,,,,,,,,,,,16.9,0,,,,,,1,,0,0,0,0,0,0,0,,,,,,,,,,,,,,
F13031C-1742VNTGCO-31-STD,,0,Standards & Practices,Vibes,Cayden Vintage Beujolias Corduroy Skinny Jeans,"An updated version of your favorite vintage corduroy. A skinny fit with added stretch and softness with the cotton/spandex blend creates comfort, and fit that moves with you. Bold modern color for a fashion-forward look.",Five-pocket stretch woven corduroy skinny pants with wine stitching and copper hardware.,Cayden Vintage Beujolias Corduroy Skinny Jeans,,809666254938,,,,34,0,88,0,1,,0,0,F13031C,F13031C-1742VNTGCO,0,2,1,0,0,13,13,12,2,13,12,,0,,0,,,,,,,,,,,F13031C,,,1742VNTGCO,1742 VNTG CO,Regular,31,WOMEN-31,STD,,STD,WOMEN-STD,WOMEN,02,01,,,,,,,BOTTOM,,,0,,FALSE,TRUE,FALSE,FALSE,USD,EA,1,1,1,,0,,,0,0,0,,,,,,,,,,,,,16.9,0,,,,,,1,,0,0,0,0,0,0,0,,,,,,,,,,,,,,
F13031C-1742VNTGCO-32-STD,,0,Standards & Practices,Vibes,Cayden Vintage Beujolias Corduroy Skinny Jeans,"An updated version of your favorite vintage corduroy. A skinny fit with added stretch and softness with the cotton/spandex blend creates comfort, and fit that moves with you. Bold modern color for a fashion-forward look.",Five-pocket stretch woven corduroy skinny pants with wine stitching and copper hardware.,Cayden Vintage Beujolias Corduroy Skinny Jeans,,809666254945,,,,34,0,88,0,1,,0,0,F13031C,F13031C-1742VNTGCO,0,2,1,0,0,13,13,12,2,13,12,,0,,0,,,,,,,,,,,F13031C,,,1742VNTGCO,1742 VNTG CO,Regular,32,WOMEN-32,STD,,STD,WOMEN-STD,WOMEN,02,01,,,,,,,BOTTOM,,,0,,FALSE,TRUE,FALSE,FALSE,USD,EA,1,1,1,,0,,,0,0,0,,,,,,,,,,,,,16.9,0,,,,,,1,,0,0,0,0,0,0,0,,,,,,,,,,,,,,
F13031C-1742VNTGDM-24-STD,,0,Standards & Practices,Vibes,Cayden Vintage Beujolias Corduroy Skinny Jeans,"An updated version of your favorite vintage corduroy. A skinny fit with added stretch and softness with the cotton/spandex blend creates comfort, and fit that moves with you. Bold modern color for a fashion-forward look.",Five-pocket stretch woven corduroy skinny pants with wine stitching and copper hardware.,Cayden Vintage Beujolias Corduroy Skinny Jeans,,809666254952,,,,34,0,88,0,1,,0,0,F13031C,F13031C-1742VNTGDM,0,2,1,0,0,13,13,12,2,13,12,,0,,0,,,,,,,,,,,F13031C,,,1742VNTGDM,1742 VNTG DM,Regular,24,WOMEN-24,STD,,STD,WOMEN-STD,WOMEN,02,01,,,,,,,BOTTOM,,,0,,FALSE,TRUE,FALSE,FALSE,USD,EA,1,1,1,,0,,,0,0,0,,,,,,,,,,,,,16.9,0,,,,,,1,,0,0,0,0,0,0,0,,,,,,,,,,,,,,
F13031C-1742VNTGDM-25-STD,,0,Standards & Practices,Vibes,Cayden Vintage Beujolias Corduroy Skinny Jeans,"An updated version of your favorite vintage corduroy. A skinny fit with added stretch and softness with the cotton/spandex blend creates comfort, and fit that moves with you. Bold modern color for a fashion-forward look.",Five-pocket stretch woven corduroy skinny pants with wine stitching and copper hardware.,Cayden Vintage Beujolias Corduroy Skinny Jeans,,809666254969,,,,34,0,88,0,1,,0,0,F13031C,F13031C-1742VNTGDM,0,2,1,0,0,13,13,12,2,13,12,,0,,0,,,,,,,,,,,F13031C,,,1742VNTGDM,1742 VNTG DM,Regular,25,WOMEN-25,STD,,STD,WOMEN-STD,WOMEN,02,01,,,,,,,BOTTOM,,,0,,FALSE,TRUE,FALSE,FALSE,USD,EA,1,1,1,,0,,,0,0,0,,,,,,,,,,,,,16.9,0,,,,,,1,,0,0,0,0,0,0,0,,,,,,,,,,,,,,
F13031C-1742VNTGDM-26-STD,,0,Standards & Practices,Vibes,Cayden Vintage Beujolias Corduroy Skinny Jeans,"An updated version of your favorite vintage corduroy. A skinny fit with added stretch and softness with the cotton/spandex blend creates comfort, and fit that moves with you. Bold modern color for a fashion-forward look.",Five-pocket stretch woven corduroy skinny pants with wine stitching and copper hardware.,Cayden Vintage Beujolias Corduroy Skinny Jeans,,809666254976,,,,34,0,88,0,1,,0,0,F13031C,F13031C-1742VNTGDM,0,2,1,0,0,13,13,12,2,13,12,,0,,0,,,,,,,,,,,F13031C,,,1742VNTGDM,1742 VNTG DM,Regular,26,WOMEN-26,STD,,STD,WOMEN-STD,WOMEN,02,01,,,,,,,BOTTOM,,,0,,FALSE,TRUE,FALSE,FALSE,USD,EA,1,1,1,,0,,,0,0,0,,,,,,,,,,,,,16.9,0,,,,,,1,,0,0,0,0,0,0,0,,,,,,,,,,,,,,
F13031C-1742VNTGDM-27-STD,,0,Standards & Practices,Vibes,Cayden Vintage Beujolias Corduroy Skinny Jeans,"An updated version of your favorite vintage corduroy. A skinny fit with added stretch and softness with the cotton/spandex blend creates comfort, and fit that moves with you. Bold modern color for a fashion-forward look.",Five-pocket stretch woven corduroy skinny pants with wine stitching and copper hardware.,Cayden Vintage Beujolias Corduroy Skinny Jeans,,809666254983,,,,34,0,88,0,1,,0,0,F13031C,F13031C-1742VNTGDM,0,2,1,0,0,13,13,12,2,13,12,,0,,0,,,,,,,,,,,F13031C,,,1742VNTGDM,1742 VNTG DM,Regular,27,WOMEN-27,STD,,STD,WOMEN-STD,WOMEN,02,01,,,,,,,BOTTOM,,,0,,FALSE,TRUE,FALSE,FALSE,USD,EA,1,1,1,,0,,,0,0,0,,,,,,,,,,,,,16.9,0,,,,,,1,,0,0,0,0,0,0,0,,,,,,,,,,,,,,
F13031C-1742VNTGDM-28-STD,,0,Standards & Practices,Vibes,Cayden Vintage Beujolias Corduroy Skinny Jeans,"An updated version of your favorite vintage corduroy. A skinny fit with added stretch and softness with the cotton/spandex blend creates comfort, and fit that moves with you. Bold modern color for a fashion-forward look.",Five-pocket stretch woven corduroy skinny pants with wine stitching and copper hardware.,Cayden Vintage Beujolias Corduroy Skinny Jeans,,809666254990,,,,34,0,88,0,1,,0,0,F13031C,F13031C-1742VNTGDM,0,2,1,0,0,13,13,12,2,13,12,,0,,0,,,,,,,,,,,F13031C,,,1742VNTGDM,1742 VNTG DM,Regular,28,WOMEN-28,STD,,STD,WOMEN-STD,WOMEN,02,01,,,,,,,BOTTOM,,,0,,FALSE,TRUE,FALSE,FALSE,USD,EA,1,1,1,,0,,,0,0,0,,,,,,,,,,,,,16.9,0,,,,,,1,,0,0,0,0,0,0,0,,,,,,,,,,,,,,
F13031C-1742VNTGDM-29-STD,,0,Standards & Practices,Vibes,Cayden Vintage Beujolias Corduroy Skinny Jeans,"An updated version of your favorite vintage corduroy. A skinny fit with added stretch and softness with the cotton/spandex blend creates comfort, and fit that moves with you. Bold modern color for a fashion-forward look.",Five-pocket stretch woven corduroy skinny pants with wine stitching and copper hardware.,Cayden Vintage Beujolias Corduroy Skinny Jeans,,809666255003,,,,34,0,88,0,1,,0,0,F13031C,F13031C-1742VNTGDM,0,2,1,0,0,13,13,12,2,13,12,,0,,0,,,,,,,,,,,F13031C,,,1742VNTGDM,1742 VNTG DM,Regular,29,WOMEN-29,STD,,STD,WOMEN-STD,WOMEN,02,01,,,,,,,BOTTOM,,,0,,FALSE,TRUE,FALSE,FALSE,USD,EA,1,1,1,,0,,,0,0,0,,,,,,,,,,,,,16.9,0,,,,,,1,,0,0,0,0,0,0,0,,,,,,,,,,,,,,
F13031C-1742VNTGDM-30-STD,,0,Standards & Practices,Vibes,Cayden Vintage Beujolias Corduroy Skinny Jeans,"An updated version of your favorite vintage corduroy. A skinny fit with added stretch and softness with the cotton/spandex blend creates comfort, and fit that moves with you. Bold modern color for a fashion-forward look.",Five-pocket stretch woven corduroy skinny pants with wine stitching and copper hardware.,Cayden Vintage Beujolias Corduroy Skinny Jeans,,809666255010,,,,34,0,88,0,1,,0,0,F13031C,F13031C-1742VNTGDM,0,2,1,0,0,13,13,12,2,13,12,,0,,0,,,,,,,,,,,F13031C,,,1742VNTGDM,1742 VNTG DM,Regular,30,WOMEN-30,STD,,STD,WOMEN-STD,WOMEN,02,01,,,,,,,BOTTOM,,,0,,FALSE,TRUE,FALSE,FALSE,USD,EA,1,1,1,,0,,,0,0,0,,,,,,,,,,,,,16.9,0,,,,,,1,,0,0,0,0,0,0,0,,,,,,,,,,,,,,
F13031C-1742VNTGDM-31-STD,,0,Standards & Practices,Vibes,Cayden Vintage Beujolias Corduroy Skinny Jeans,"An updated version of your favorite vintage corduroy. A skinny fit with added stretch and softness with the cotton/spandex blend creates comfort, and fit that moves with you. Bold modern color for a fashion-forward look.",Five-pocket stretch woven corduroy skinny pants with wine stitching and copper hardware.,Cayden Vintage Beujolias Corduroy Skinny Jeans,,809666255027,,,,34,0,88,0,1,,0,0,F13031C,F13031C-1742VNTGDM,0,2,1,0,0,13,13,12,2,13,12,,0,,0,,,,,,,,,,,F13031C,,,1742VNTGDM,1742 VNTG DM,Regular,31,WOMEN-31,STD,,STD,WOMEN-STD,WOMEN,02,01,,,,,,,BOTTOM,,,0,,FALSE,TRUE,FALSE,FALSE,USD,EA,1,1,1,,0,,,0,0,0,,,,,,,,,,,,,16.9,0,,,,,,1,,0,0,0,0,0,0,0,,,,,,,,,,,,,,
F13031C-1742VNTGDM-32-STD,,0,Standards & Practices,Vibes,Cayden Vintage Beujolias Corduroy Skinny Jeans,"An updated version of your favorite vintage corduroy. A skinny fit with added stretch and softness with the cotton/spandex blend creates comfort, and fit that moves with you. Bold modern color for a fashion-forward look.",Five-pocket stretch woven corduroy skinny pants with wine stitching and copper hardware.,Cayden Vintage Beujolias Corduroy Skinny Jeans,,809666255034,,,,34,0,88,0,1,,0,0,F13031C,F13031C-1742VNTGDM,0,2,1,0,0,13,13,12,2,13,12,,0,,0,,,,,,,,,,,F13031C,,,1742VNTGDM,1742 VNTG DM,Regular,32,WOMEN-32,STD,,STD,WOMEN-STD,WOMEN,02,01,,,,,,,BOTTOM,,,0,,FALSE,TRUE,FALSE,FALSE,USD,EA,1,1,1,,0,,,0,0,0,,,,,,,,,,,,,16.9,0,,,,,,1,,0,0,0,0,0,0,0,,,,,,,,,,,,,,
F13031C-1742VNTGST-24-STD,,0,Standards & Practices,Vibes,Cayden Vintage Beujolias Corduroy Skinny Jeans,"An updated version of your favorite vintage corduroy. A skinny fit with added stretch and softness with the cotton/spandex blend creates comfort, and fit that moves with you. Bold modern color for a fashion-forward look.",Five-pocket stretch woven corduroy skinny pants with wine stitching and copper hardware.,Cayden Vintage Beujolias Corduroy Skinny Jeans,,809666255041,,,,34,0,88,0,1,,0,0,F13031C,F13031C-1742VNTGST,0,1,1,0,0,13,13,12,2,13,12,,0,,0,,,,,,,,,,,F13031C,,,1742VNTGST,1742 VNTG ST,Regular,24,WOMEN-24,STD,,STD,WOMEN-STD,WOMEN,02,01,,,,,,,BOTTOM,,,0,,FALSE,TRUE,FALSE,FALSE,USD,EA,1,1,1,,0,,,0,0,0,,,,,,,,,,,,,18.75,0,,,,,,1,,0,0,0,0,0,0,0,,,,,,,,,,,,,,
F13031C-1742VNTGST-25-STD,,0,Standards & Practices,Vibes,Cayden Vintage Beujolias Corduroy Skinny Jeans,"An updated version of your favorite vintage corduroy. A skinny fit with added stretch and softness with the cotton/spandex blend creates comfort, and fit that moves with you. Bold modern color for a fashion-forward look.",Five-pocket stretch woven corduroy skinny pants with wine stitching and copper hardware.,Cayden Vintage Beujolias Corduroy Skinny Jeans,,809666255058,,,,34,0,88,0,1,,0,0,F13031C,F13031C-1742VNTGST,0,1,1,0,0,13,13,12,2,13,12,,0,,0,,,,,,,,,,,F13031C,,,1742VNTGST,1742 VNTG ST,Regular,25,WOMEN-25,STD,,STD,WOMEN-STD,WOMEN,02,01,,,,,,,BOTTOM,,,0,,FALSE,TRUE,FALSE,FALSE,USD,EA,1,1,1,,0,,,0,0,0,,,,,,,,,,,,,18.75,0,,,,,,1,,0,0,0,0,0,0,0,,,,,,,,,,,,,,
F13031C-1742VNTGST-26-STD,,0,Standards & Practices,Vibes,Cayden Vintage Beujolias Corduroy Skinny Jeans,"An updated version of your favorite vintage corduroy. A skinny fit with added stretch and softness with the cotton/spandex blend creates comfort, and fit that moves with you. Bold modern color for a fashion-forward look.",Five-pocket stretch woven corduroy skinny pants with wine stitching and copper hardware.,Cayden Vintage Beujolias Corduroy Skinny Jeans,,809666255065,,,,34,0,88,0,1,,0,0,F13031C,F13031C-1742VNTGST,0,1,1,0,0,13,13,12,2,13,12,,0,,0,,,,,,,,,,,F13031C,,,1742VNTGST,1742 VNTG ST,Regular,26,WOMEN-26,STD,,STD,WOMEN-STD,WOMEN,02,01,,,,,,,BOTTOM,,,0,,FALSE,TRUE,FALSE,FALSE,USD,EA,1,1,1,,0,,,0,0,0,,,,,,,,,,,,,18.75,0,,,,,,1,,0,0,0,0,0,0,0,,,,,,,,,,,,,,
F13031C-1742VNTGST-27-STD,,0,Standards & Practices,Vibes,Cayden Vintage Beujolias Corduroy Skinny Jeans,"An updated version of your favorite vintage corduroy. A skinny fit with added stretch and softness with the cotton/spandex blend creates comfort, and fit that moves with you. Bold modern color for a fashion-forward look.",Five-pocket stretch woven corduroy skinny pants with wine stitching and copper hardware.,Cayden Vintage Beujolias Corduroy Skinny Jeans,,809666255072,,,,34,0,88,0,1,,0,0,F13031C,F13031C-1742VNTGST,0,1,1,0,0,13,13,12,2,13,12,,0,,0,,,,,,,,,,,F13031C,,,1742VNTGST,1742 VNTG ST,Regular,27,WOMEN-27,STD,,STD,WOMEN-STD,WOMEN,02,01,,,,,,,BOTTOM,,,0,,FALSE,TRUE,FALSE,FALSE,USD,EA,1,1,1,,0,,,0,0,0,,,,,,,,,,,,,18.75,0,,,,,,1,,0,0,0,0,0,0,0,,,,,,,,,,,,,,
F13031C-1742VNTGST-28-STD,,0,Standards & Practices,Vibes,Cayden Vintage Beujolias Corduroy Skinny Jeans,"An updated version of your favorite vintage corduroy. A skinny fit with added stretch and softness with the cotton/spandex blend creates comfort, and fit that moves with you. Bold modern color for a fashion-forward look.",Five-pocket stretch woven corduroy skinny pants with wine stitching and copper hardware.,Cayden Vintage Beujolias Corduroy Skinny Jeans,,809666255089,,,,34,0,88,0,1,,0,0,F13031C,F13031C-1742VNTGST,0,1,1,0,0,13,13,12,2,13,12,,0,,0,,,,,,,,,,,F13031C,,,1742VNTGST,1742 VNTG ST,Regular,28,WOMEN-28,STD,,STD,WOMEN-STD,WOMEN,02,01,,,,,,,BOTTOM,,,0,,FALSE,TRUE,FALSE,FALSE,USD,EA,1,1,1,,0,,,0,0,0,,,,,,,,,,,,,18.75,0,,,,,,1,,0,0,0,0,0,0,0,,,,,,,,,,,,,,
F13031C-1742VNTGST-29-STD,,0,Standards & Practices,Vibes,Cayden Vintage Beujolias Corduroy Skinny Jeans,"An updated version of your favorite vintage corduroy. A skinny fit with added stretch and softness with the cotton/spandex blend creates comfort, and fit that moves with you. Bold modern color for a fashion-forward look.",Five-pocket stretch woven corduroy skinny pants with wine stitching and copper hardware.,Cayden Vintage Beujolias Corduroy Skinny Jeans,,809666255096,,,,34,0,88,0,1,,0,0,F13031C,F13031C-1742VNTGST,0,1,1,0,0,13,13,12,2,13,12,,0,,0,,,,,,,,,,,F13031C,,,1742VNTGST,1742 VNTG ST,Regular,29,WOMEN-29,STD,,STD,WOMEN-STD,WOMEN,02,01,,,,,,,BOTTOM,,,0,,FALSE,TRUE,FALSE,FALSE,USD,EA,1,1,1,,0,,,0,0,0,,,,,,,,,,,,,18.75,0,,,,,,1,,0,0,0,0,0,0,0,,,,,,,,,,,,,,
F13031C-1742VNTGST-30-STD,,0,Standards & Practices,Vibes,Cayden Vintage Beujolias Corduroy Skinny Jeans,"An updated version of your favorite vintage corduroy. A skinny fit with added stretch and softness with the cotton/spandex blend creates comfort, and fit that moves with you. Bold modern color for a fashion-forward look.",Five-pocket stretch woven corduroy skinny pants with wine stitching and copper hardware.,Cayden Vintage Beujolias Corduroy Skinny Jeans,,809666255102,,,,34,0,88,0,1,,0,0,F13031C,F13031C-1742VNTGST,0,1,1,0,0,13,13,12,2,13,12,,0,,0,,,,,,,,,,,F13031C,,,1742VNTGST,1742 VNTG ST,Regular,30,WOMEN-30,STD,,STD,WOMEN-STD,WOMEN,02,01,,,,,,,BOTTOM,,,0,,FALSE,TRUE,FALSE,FALSE,USD,EA,1,1,1,,0,,,0,0,0,,,,,,,,,,,,,18.75,0,,,,,,1,,0,0,0,0,0,0,0,,,,,,,,,,,,,,
F13031C-1742VNTGST-31-STD,,0,Standards & Practices,Vibes,Cayden Vintage Beujolias Corduroy Skinny Jeans,"An updated version of your favorite vintage corduroy. A skinny fit with added stretch and softness with the cotton/spandex blend creates comfort, and fit that moves with you. Bold modern color for a fashion-forward look.",Five-pocket stretch woven corduroy skinny pants with wine stitching and copper hardware.,Cayden Vintage Beujolias Corduroy Skinny Jeans,,809666255119,,,,34,0,88,0,1,,0,0,F13031C,F13031C-1742VNTGST,0,1,1,0,0,13,13,12,2,13,12,,0,,0,,,,,,,,,,,F13031C,,,1742VNTGST,1742 VNTG ST,Regular,31,WOMEN-31,STD,,STD,WOMEN-STD,WOMEN,02,01,,,,,,,BOTTOM,,,0,,FALSE,TRUE,FALSE,FALSE,USD,EA,1,1,1,,0,,,0,0,0,,,,,,,,,,,,,18.75,0,,,,,,1,,0,0,0,0,0,0,0,,,,,,,,,,,,,,
F13031C-1742VNTGST-32-STD,,0,Standards & Practices,Vibes,Cayden Vintage Beujolias Corduroy Skinny Jeans,"An updated version of your favorite vintage corduroy. A skinny fit with added stretch and softness with the cotton/spandex blend creates comfort, and fit that moves with you. Bold modern color for a fashion-forward look.",Five-pocket stretch woven corduroy skinny pants with wine stitching and copper hardware.,Cayden Vintage Beujolias Corduroy Skinny Jeans,,809666255126,,,,34,0,88,0,1,,0,0,F13031C,F13031C-1742VNTGST,0,1,1,0,0,13,13,12,2,13,12,,0,,0,,,,,,,,,,,F13031C,,,1742VNTGST,1742 VNTG ST,Regular,32,WOMEN-32,STD,,STD,WOMEN-STD,WOMEN,02,01,,,,,,,BOTTOM,,,0,,FALSE,TRUE,FALSE,FALSE,USD,EA,1,1,1,,0,,,0,0,0,,,,,,,,,,,,,18.75,0,,,,,,1,,0,0,0,0,0,0,0,,,,,,,,,,,,,,
34478006-BLACK-1X-STD,,0,Standards & Practices,Vibes Base,Standards & Practices Plus Size Women's Knit Tie Open Front Drape Long Maxi Duster Cashmere Cardigan-Black,,,Supersoft longline mongolian cashmere cardigan,,809666398434,,,,428,0,428,0,1,,0,0,34478006,34478006-BLACK,1,1.6,1.6,0,0,2,12,11,2,12,11,,0,,0,,,,,,,,,,Supersoft longline mongolian cashmere cardigan,34478006,,,BLACK,,Plus,1X,,STD,,STD,,,Cardigan,Women,Contemporary Brand,,,,,,SWEATERS,FALL,Long Sleeve,0,,FALSE,TRUE,FALSE,FALSE,,EA,1,1,1,,0,,,0,0,0,,,,,,,,,,,,,0,0,Black,,,,,1,,0,0,0,0,0,0,0,,,,,,,,,,,,,,
34478006-BLACK-2X-STD,,0,Standards & Practices,Vibes Base,Standards & Practices Plus Size Women's Knit Tie Open Front Drape Long Maxi Duster Cashmere Cardigan-Black,,,Supersoft longline mongolian cashmere cardigan,,809666398441,,,,428,0,428,0,1,,0,0,34478006,34478006-BLACK,1,1.6,1.6,0,0,2,12,11,2,12,11,,0,,0,,,,,,,,,,Supersoft longline mongolian cashmere cardigan,34478006,,,BLACK,,Plus,2X,,STD,,STD,,,Cardigan,Women,Contemporary Brand,,,,,,SWEATERS,FALL,Long Sleeve,0,,FALSE,TRUE,FALSE,FALSE,,EA,1,1,1,,0,,,0,0,0,,,,,,,,,,,,,0,0,Black,,,,,1,,0,0,0,0,0,0,0,,,,,,,,,,,,,,
34478006-BLACK-3X-STD,,0,Standards & Practices,Vibes Base,Standards & Practices Plus Size Women's Knit Tie Open Front Drape Long Maxi Duster Cashmere Cardigan-Black,,,Supersoft longline mongolian cashmere cardigan,,809666398458,,,,428,0,428,0,1,,0,0,34478006,34478006-BLACK,1,1.6,1.6,0,0,2,12,11,2,12,11,,0,,0,,,,,,,,,,Supersoft longline mongolian cashmere cardigan,34478006,,,BLACK,,Plus,3X,,STD,,STD,,,Cardigan,Women,Contemporary Brand,,,,,,SWEATERS,FALL,Long Sleeve,0,,FALSE,TRUE,FALSE,FALSE,,EA,1,1,1,,0,,,0,0,0,,,,,,,,,,,,,0,0,Black,,,,,1,,0,0,0,0,0,0,0,,,,,,,,,,,,,,
34478006-BLANCMANGE-1X-STD,,0,Standards & Practices,Vibes Base,Standards & Practices Plus Size Women's Knit Tie Open Front Drape Long Maxi Duster Cashmere Cardigan-Blancmange,,,Supersoft longline mongolian cashmere cardigan,,809666398465,,,,428,0,428,0,1,,0,0,34478006,34478006-BLANCMANGE,1,1.6,1.6,0,0,2,12,11,2,12,11,,0,,0,,,,,,,,,,Supersoft longline mongolian cashmere cardigan,34478006,,,BLANCMANGE,,Plus,1X,,STD,,STD,,,Cardigan,Women,Contemporary Brand,,,,,,SWEATERS,FALL,Long Sleeve,0,,FALSE,TRUE,FALSE,FALSE,,EA,1,1,1,,0,,,0,0,0,,,,,,,,,,,,,0,0,Blancmange,,,,,1,,0,0,0,0,0,0,0,,,,,,,,,,,,,,
34478006-BLANCMANGE-2X-STD,,0,Standards & Practices,Vibes Base,Standards & Practices Plus Size Women's Knit Tie Open Front Drape Long Maxi Duster Cashmere Cardigan-Blancmange,,,Supersoft longline mongolian cashmere cardigan,,809666398472,,,,428,0,428,0,1,,0,0,34478006,34478006-BLANCMANGE,1,1.6,1.6,0,0,2,12,11,2,12,11,,0,,0,,,,,,,,,,Supersoft longline mongolian cashmere cardigan,34478006,,,BLANCMANGE,,Plus,2X,,STD,,STD,,,Cardigan,Women,Contemporary Brand,,,,,,SWEATERS,FALL,Long Sleeve,0,,FALSE,TRUE,FALSE,FALSE,,EA,1,1,1,,0,,,0,0,0,,,,,,,,,,,,,0,0,Blancmange,,,,,1,,0,0,0,0,0,0,0,,,,,,,,,,,,,,
34478006-BLANCMANGE-3X-STD,,0,Standards & Practices,Vibes Base,Standards & Practices Plus Size Women's Knit Tie Open Front Drape Long Maxi Duster Cashmere Cardigan-Blancmange,,,Supersoft longline mongolian cashmere cardigan,,809666398489,,,,428,0,428,0,1,,0,0,34478006,34478006-BLANCMANGE,1,1.6,1.6,0,0,2,12,11,2,12,11,,0,,0,,,,,,,,,,Supersoft longline mongolian cashmere cardigan,34478006,,,BLANCMANGE,,Plus,3X,,STD,,STD,,,Cardigan,Women,Contemporary Brand,,,,,,SWEATERS,FALL,Long Sleeve,0,,FALSE,TRUE,FALSE,FALSE,,EA,1,1,1,,0,,,0,0,0,,,,,,,,,,,,,0,0,Blancmange,,,,,1,,0,0,0,0,0,0,0,,,,,,,,,,,,,,
