Style Code,Sub-Style Code,AgeGroup,ColorMap,CountryofOrigin,DetailImage,DropshipListingTitle,Gender,Keywords,MarketplaceItemName,WebsiteLongDescription,WebsiteProductLandingPage,WebsiteProductTitle,WebsiteShortDescription,Custom Label 0,Custom Label 1,Custom Label 2,Custom Label 3,Custom Label 4,Key Features 1,Key Features 2,Key Features 3,Key Features 4,Key Features 5,Meta Description,Meta Keywords,Meta Title,Dropship Description,Dropship Short Description,Product Long Description,Product Short Description,California Prop 65 Warning Text,Color Selection,Contained Battery Type,Contains Chemical or Aerosol or Pesticide,Contains Electronic Component,Line Sheet Price,Line Sheet Product Description,Line Sheet Product Name,Line Sheet Season,Size Range
173451,173451-1183CITIZEN,Adult,,,173451-1183CITIZEN.jpg,Fashion Item,Women,"fashion item, general, fashion",Fashion Item | Fashion Collection,The fashion item offers a clean silhouette and versatile styling for multiple occasions. This product is generated from image-based attributes and can be refined with additional catalog data.,/products/fashion-item,Fashion Item | Fashion Collection,Fashion Item designed for everyday wear with a modern fashion-forward look.,,,,,,Color visible in image,Product type: Fashion Item,Fashion-forward silhouette,Suitable for styling across seasons,Image-based placeholder attributes (review before publishing),The fashion item offers a clean silhouette and versatile styling for multiple occasions. This product is generated from image-based attributes and can be r,"fashion item, general, fashion",Fashion Item | Fashion Collection,The fashion item offers a clean silhouette and versatile styling for multiple occasions. This product is generated from image-based attributes and can be refined with additional catalog data.,Fashion Item designed for everyday wear with a modern fashion-forward look.,The fashion item offers a clean silhouette and versatile styling for multiple occasions. This product is generated from image-based attributes and can be refined with additional catalog data.,Fashion Item designed for everyday wear with a modern fashion-forward look.,,,,,,,Fashion Item designed for everyday wear with a modern fashion-forward look.,Fashion Item,,
34478006,34478006-BLACK,Adult,Black,,34478006-BLACK.jpg,Black Fashion Item,Women,"fashion item, black, general, fashion",Black Fashion Item | Fashion Collection,The black fashion item offers a clean silhouette and versatile styling for multiple occasions. This product is generated from image-based attributes and can be refined with additional catalog data.,/products/black-fashion-item,Black Fashion Item | Fashion Collection,Black Fashion Item designed for everyday wear with a modern fashion-forward look.,,,,,,Visible color: Black,Product type: Fashion Item,Fashion-forward silhouette,Suitable for styling across seasons,Image-based placeholder attributes (review before publishing),The black fashion item offers a clean silhouette and versatile styling for multiple occasions. This product is generated from image-based attributes and ca,"fashion item, black, general, fashion",Black Fashion Item | Fashion Collection,The black fashion item offers a clean silhouette and versatile styling for multiple occasions. This product is generated from image-based attributes and can be refined with additional catalog data.,Black Fashion Item designed for everyday wear with a modern fashion-forward look.,The black fashion item offers a clean silhouette and versatile styling for multiple occasions. This product is generated from image-based attributes and can be refined with additional catalog data.,Black Fashion Item designed for everyday wear with a modern fashion-forward look.,,Black,,,,,Black Fashion Item designed for everyday wear with a modern fashion-forward look.,Black Fashion Item,,
34478006,34478006-BLANCMANGE,Adult,,,34478006-BLANCMANGE.jpg,Fashion Item,Women,"fashion item, general, fashion",Fashion Item | Fashion Collection,The fashion item offers a clean silhouette and versatile styling for multiple occasions. This product is generated from image-based attributes and can be refined with additional catalog data.,/products/fashion-item,Fashion Item | Fashion Collection,Fashion Item designed for everyday wear with a modern fashion-forward look.,,,,,,Color visible in image,Product type: Fashion Item,Fashion-forward silhouette,Suitable for styling across seasons,Image-based placeholder attributes (review before publishing),The fashion item offers a clean silhouette and versatile styling for multiple occasions. This product is generated from image-based attributes and can be r,"fashion item, general, fashion",Fashion Item | Fashion Collection,The fashion item offers a clean silhouette and versatile styling for multiple occasions. This product is generated from image-based attributes and can be refined with additional catalog data.,Fashion Item designed for everyday wear with a modern fashion-forward look.,The fashion item offers a clean silhouette and versatile styling for multiple occasions. This product is generated from image-based attributes and can be refined with additional catalog data.,Fashion Item designed for everyday wear with a modern fashion-forward look.,,,,,,,Fashion Item designed for everyday wear with a modern fashion-forward look.,Fashion Item,,
ADELINE-02,ADELINE-02-BLACK,Adult,Black,,ADELINE-02-BLACK.jpg,Black Footwear,Women,"footwear, black, shoes, fashion",Black Footwear | Fashion Collection,The black footwear offers a clean silhouette and versatile styling for multiple occasions. This product is generated from image-based attributes and can be refined with additional catalog data.,/products/black-footwear,Black Footwear | Fashion Collection,Black Footwear designed for everyday wear with a modern fashion-forward look.,,,,,,Visible color: Black,Product type: Footwear,Fashion-forward silhouette,Suitable for styling across seasons,Image-based placeholder attributes (review before publishing),The black footwear offers a clean silhouette and versatile styling for multiple occasions. This product is generated from image-based attributes and can be,"footwear, black, shoes, fashion",Black Footwear | Fashion Collection,The black footwear offers a clean silhouette and versatile styling for multiple occasions. This product is generated from image-based attributes and can be refined with additional catalog data.,Black Footwear designed for everyday wear with a modern fashion-forward look.,The black footwear offers a clean silhouette and versatile styling for multiple occasions. This product is generated from image-based attributes and can be refined with additional catalog data.,Black Footwear designed for everyday wear with a modern fashion-forward look.,,Black,,,,,Black Footwear designed for everyday wear with a modern fashion-forward look.,Black Footwear,,
ADELINE-02,ADELINE-02-CAMEL,Adult,Camel,,ADELINE-02-CAMEL.jpg,Camel Footwear,Women,"footwear, camel, shoes, fashion",Camel Footwear | Fashion Collection,The camel footwear offers a clean silhouette and versatile styling for multiple occasions. This product is generated from image-based attributes and can be refined with additional catalog data.,/products/camel-footwear,Camel Footwear | Fashion Collection,Camel Footwear designed for everyday wear with a modern fashion-forward look.,,,,,,Visible color: Camel,Product type: Footwear,Fashion-forward silhouette,Suitable for styling across seasons,Image-based placeholder attributes (review before publishing),The camel footwear offers a clean silhouette and versatile styling for multiple occasions. This product is generated from image-based attributes and can be,"footwear, camel, shoes, fashion",Camel Footwear | Fashion Collection,The camel footwear offers a clean silhouette and versatile styling for multiple occasions. This product is generated from image-based attributes and can be refined with additional catalog data.,Camel Footwear designed for everyday wear with a modern fashion-forward look.,The camel footwear offers a clean silhouette and versatile styling for multiple occasions. This product is generated from image-based attributes and can be refined with additional catalog data.,Camel Footwear designed for everyday wear with a modern fashion-forward look.,,Camel,,,,,Camel Footwear designed for everyday wear with a modern fashion-forward look.,Camel Footwear,,
ADELINE-02,ADELINE-02-NUDE,Adult,Nude,,ADELINE-02-NUDE.jpg,Nude Footwear,Women,"footwear, nude, shoes, fashion",Nude Footwear | Fashion Collection,The nude footwear offers a clean silhouette and versatile styling for multiple occasions. This product is generated from image-based attributes and can be refined with additional catalog data.,/products/nude-footwear,Nude Footwear | Fashion Collection,Nude Footwear designed for everyday wear with a modern fashion-forward look.,,,,,,Visible color: Nude,Product type: Footwear,Fashion-forward silhouette,Suitable for styling across seasons,Image-based placeholder attributes (review before publishing),The nude footwear offers a clean silhouette and versatile styling for multiple occasions. This product is generated from image-based attributes and can be ,"footwear, nude, shoes, fashion",Nude Footwear | Fashion Collection,The nude footwear offers a clean silhouette and versatile styling for multiple occasions. This product is generated from image-based attributes and can be refined with additional catalog data.,Nude Footwear designed for everyday wear with a modern fashion-forward look.,The nude footwear offers a clean silhouette and versatile styling for multiple occasions. This product is generated from image-based attributes and can be refined with additional catalog data.,Nude Footwear designed for everyday wear with a modern fashion-forward look.,,Nude,,,,,Nude Footwear designed for everyday wear with a modern fashion-forward look.,Nude Footwear,,
ADELINE-02,ADELINE-02-PINK,Adult,Pink,,ADELINE-02-PINK.jpg,Pink Footwear,Women,"footwear, pink, shoes, fashion",Pink Footwear | Fashion Collection,The pink footwear offers a clean silhouette and versatile styling for multiple occasions. This product is generated from image-based attributes and can be refined with additional catalog data.,/products/pink-footwear,Pink Footwear | Fashion Collection,Pink Footwear designed for everyday wear with a modern fashion-forward look.,,,,,,Visible color: Pink,Product type: Footwear,Fashion-forward silhouette,Suitable for styling across seasons,Image-based placeholder attributes (review before publishing),The pink footwear offers a clean silhouette and versatile styling for multiple occasions. This product is generated from image-based attributes and can be ,"footwear, pink, shoes, fashion",Pink Footwear | Fashion Collection,The pink footwear offers a clean silhouette and versatile styling for multiple occasions. This product is generated from image-based attributes and can be refined with additional catalog data.,Pink Footwear designed for everyday wear with a modern fashion-forward look.,The pink footwear offers a clean silhouette and versatile styling for multiple occasions. This product is generated from image-based attributes and can be refined with additional catalog data.,Pink Footwear designed for everyday wear with a modern fashion-forward look.,,Pink,,,,,Pink Footwear designed for everyday wear with a modern fashion-forward look.,Pink Footwear,,
ADELINE-02,ADELINE-02-WHITE,Adult,White,,ADELINE-02-WHITE.jpg,White Footwear,Women,"footwear, white, shoes, fashion",White Footwear | Fashion Collection,The white footwear offers a clean silhouette and versatile styling for multiple occasions. This product is generated from image-based attributes and can be refined with additional catalog data.,/products/white-footwear,White Footwear | Fashion Collection,White Footwear designed for everyday wear with a modern fashion-forward look.,,,,,,Visible color: White,Product type: Footwear,Fashion-forward silhouette,Suitable for styling across seasons,Image-based placeholder attributes (review before publishing),The white footwear offers a clean silhouette and versatile styling for multiple occasions. This product is generated from image-based attributes and can be,"footwear, white, shoes, fashion",White Footwear | Fashion Collection,The white footwear offers a clean silhouette and versatile styling for multiple occasions. This product is generated from image-based attributes and can be refined with additional catalog data.,White Footwear designed for everyday wear with a modern fashion-forward look.,The white footwear offers a clean silhouette and versatile styling for multiple occasions. This product is generated from image-based attributes and can be refined with additional catalog data.,White Footwear designed for everyday wear with a modern fashion-forward look.,,White,,,,,White Footwear designed for everyday wear with a modern fashion-forward look.,White Footwear,,
ADELINE-03,ADELINE-03-BLACK,Adult,Black,,ADELINE-03-BLACK.jpg,Black Footwear,Women,"footwear, black, shoes, fashion",Black Footwear | Fashion Collection,The black footwear offers a clean silhouette and versatile styling for multiple occasions. This product is generated from image-based attributes and can be refined with additional catalog data.,/products/black-footwear,Black Footwear | Fashion Collection,Black Footwear designed for everyday wear with a modern fashion-forward look.,,,,,,Visible color: Black,Product type: Footwear,Fashion-forward silhouette,Suitable for styling across seasons,Image-based placeholder attributes (review before publishing),The black footwear offers a clean silhouette and versatile styling for multiple occasions. This product is generated from image-based attributes and can be,"footwear, black, shoes, fashion",Black Footwear | Fashion Collection,The black footwear offers a clean silhouette and versatile styling for multiple occasions. This product is generated from image-based attributes and can be refined with additional catalog data.,Black Footwear designed for everyday wear with a modern fashion-forward look.,The black footwear offers a clean silhouette and versatile styling for multiple occasions. This product is generated from image-based attributes and can be refined with additional catalog data.,Black Footwear designed for everyday wear with a modern fashion-forward look.,,Black,,,,,Black Footwear designed for everyday wear with a modern fashion-forward look.,Black Footwear,,
ADELINE-03,ADELINE-03-BLUE,Adult,Blue,,ADELINE-03-BLUE.jpg,Blue Footwear,Women,"footwear, blue, shoes, fashion",Blue Footwear | Fashion Collection,The blue footwear offers a clean silhouette and versatile styling for multiple occasions. This product is generated from image-based attributes and can be refined with additional catalog data.,/products/blue-footwear,Blue Footwear | Fashion Collection,Blue Footwear designed for everyday wear with a modern fashion-forward look.,,,,,,Visible color: Blue,Product type: Footwear,Fashion-forward silhouette,Suitable for styling across seasons,Image-based placeholder attributes (review before publishing),The blue footwear offers a clean silhouette and versatile styling for multiple occasions. This product is generated from image-based attributes and can be ,"footwear, blue, shoes, fashion",Blue Footwear | Fashion Collection,The blue footwear offers a clean silhouette and versatile styling for multiple occasions. This product is generated from image-based attributes and can be refined with additional catalog data.,Blue Footwear designed for everyday wear with a modern fashion-forward look.,The blue footwear offers a clean silhouette and versatile styling for multiple occasions. This product is generated from image-based attributes and can be refined with additional catalog data.,Blue Footwear designed for everyday wear with a modern fashion-forward look.,,Blue,,,,,Blue Footwear designed for everyday wear with a modern fashion-forward look.,Blue Footwear,,
ADELINE-03,ADELINE-03-BROWN,Adult,Brown,,ADELINE-03-BROWN.jpg,Brown Footwear,Women,"footwear, brown, shoes, fashion",Brown Footwear | Fashion Collection,The brown footwear offers a clean silhouette and versatile styling for multiple occasions. This product is generated from image-based attributes and can be refined with additional catalog data.,/products/brown-footwear,Brown Footwear | Fashion Collection,Brown Footwear designed for everyday wear with a modern fashion-forward look.,,,,,,Visible color: Brown,Product type: Footwear,Fashion-forward silhouette,Suitable for styling across seasons,Image-based placeholder attributes (review before publishing),The brown footwear offers a clean silhouette and versatile styling for multiple occasions. This product is generated from image-based attributes and can be,"footwear, brown, shoes, fashion",Brown Footwear | Fashion Collection,The brown footwear offers a clean silhouette and versatile styling for multiple occasions. This product is generated from image-based attributes and can be refined with additional catalog data.,Brown Footwear designed for everyday wear with a modern fashion-forward look.,The brown footwear offers a clean silhouette and versatile styling for multiple occasions. This product is generated from image-based attributes and can be refined with additional catalog data.,Brown Footwear designed for everyday wear with a modern fashion-forward look.,,Brown,,,,,Brown Footwear designed for everyday wear with a modern fashion-forward look.,Brown Footwear,,
ADELINE-03,ADELINE-03-GOLD,Adult,,,ADELINE-03-GOLD.jpg,Footwear,Women,"footwear, shoes, fashion",Footwear | Fashion Collection,The footwear offers a clean silhouette and versatile styling for multiple occasions. This product is generated from image-based attributes and can be refined with additional catalog data.,/products/footwear,Footwear | Fashion Collection,Footwear designed for everyday wear with a modern fashion-forward look.,,,,,,Color visible in image,Product type: Footwear,Fashion-forward silhouette,Suitable for styling across seasons,Image-based placeholder attributes (review before publishing),The footwear offers a clean silhouette and versatile styling for multiple occasions. This product is generated from image-based attributes and can be refin,"footwear, shoes, fashion",Footwear | Fashion Collection,The footwear offers a clean silhouette and versatile styling for multiple occasions. This product is generated from image-based attributes and can be refined with additional catalog data.,Footwear designed for everyday wear with a modern fashion-forward look.,The footwear offers a clean silhouette and versatile styling for multiple occasions. This product is generated from image-based attributes and can be refined with additional catalog data.,Footwear designed for everyday wear with a modern fashion-forward look.,,,,,,,Footwear designed for everyday wear with a modern fashion-forward look.,Footwear,,
ADELINE-03,ADELINE-03-TAUPE,Adult,Taupe,,ADELINE-03-TAUPE.jpg,Taupe Footwear,Women,"footwear, taupe, shoes, fashion",Taupe Footwear | Fashion Collection,The taupe footwear offers a clean silhouette and versatile styling for multiple occasions. This product is generated from image-based attributes and can be refined with additional catalog data.,/products/taupe-footwear,Taupe Footwear | Fashion Collection,Taupe Footwear designed for everyday wear with a modern fashion-forward look.,,,,,,Visible color: Taupe,Product type: Footwear,Fashion-forward silhouette,Suitable for styling across seasons,Image-based placeholder attributes (review before publishing),The taupe footwear offers a clean silhouette and versatile styling for multiple occasions. This product is generated from image-based attributes and can be,"footwear, taupe, shoes, fashion",Taupe Footwear | Fashion Collection,The taupe footwear offers a clean silhouette and versatile styling for multiple occasions. This product is generated from image-based attributes and can be refined with additional catalog data.,Taupe Footwear designed for everyday wear with a modern fashion-forward look.,The taupe footwear offers a clean silhouette and versatile styling for multiple occasions. This product is generated from image-based attributes and can be refined with additional catalog data.,Taupe Footwear designed for everyday wear with a modern fashion-forward look.,,Taupe,,,,,Taupe Footwear designed for everyday wear with a modern fashion-forward look.,Taupe Footwear,,
ASTRID-01,ASTRID-01-BLACK,Adult,Black,,ASTRID-01-BLACK.jpg,Black Footwear,Women,"footwear, black, shoes, fashion",Black Footwear | Fashion Collection,The black footwear offers a clean silhouette and versatile styling for multiple occasions. This product is generated from image-based attributes and can be refined with additional catalog data.,/products/black-footwear,Black Footwear | Fashion Collection,Black Footwear designed for everyday wear with a modern fashion-forward look.,,,,,,Visible color: Black,Product type: Footwear,Fashion-forward silhouette,Suitable for styling across seasons,Image-based placeholder attributes (review before publishing),The black footwear offers a clean silhouette and versatile styling for multiple occasions. This product is generated from image-based attributes and can be,"footwear, black, shoes, fashion",Black Footwear | Fashion Collection,The black footwear offers a clean silhouette and versatile styling for multiple occasions. This product is generated from image-based attributes and can be refined with additional catalog data.,Black Footwear designed for everyday wear with a modern fashion-forward look.,The black footwear offers a clean silhouette and versatile styling for multiple occasions. This product is generated from image-based attributes and can be refined with additional catalog data.,Black Footwear designed for everyday wear with a modern fashion-forward look.,,Black,,,,,Black Footwear designed for everyday wear with a modern fashion-forward look.,Black Footwear,,
ASTRID-01,ASTRID-01-BLUSH,Adult,Blush,,ASTRID-01-BLUSH.jpg,Blush Footwear,Women,"footwear, blush, shoes, fashion",Blush Footwear | Fashion Collection,The blush footwear offers a clean silhouette and versatile styling for multiple occasions. This product is generated from image-based attributes and can be refined with additional catalog data.,/products/blush-footwear,Blush Footwear | Fashion Collection,Blush Footwear designed for everyday wear with a modern fashion-forward look.,,,,,,Visible color: Blush,Product type: Footwear,Fashion-forward silhouette,Suitable for styling across seasons,Image-based placeholder attributes (review before publishing),The blush footwear offers a clean silhouette and versatile styling for multiple occasions. This product is generated from image-based attributes and can be,"footwear, blush, shoes, fashion",Blush Footwear | Fashion Collection,The blush footwear offers a clean silhouette and versatile styling for multiple occasions. This product is generated from image-based attributes and can be refined with additional catalog data.,Blush Footwear designed for everyday wear with a modern fashion-forward look.,The blush footwear offers a clean silhouette and versatile styling for multiple occasions. This product is generated from image-based attributes and can be refined with additional catalog data.,Blush Footwear designed for everyday wear with a modern fashion-forward look.,,Blush,,,,,Blush Footwear designed for everyday wear with a modern fashion-forward look.,Blush Footwear,,
ASTRID-01,ASTRID-01-GREY,Adult,Grey,,ASTRID-01-GREY.jpg,Grey Footwear,Women,"footwear, grey, shoes, fashion",Grey Footwear | Fashion Collection,The grey footwear offers a clean silhouette and versatile styling for multiple occasions. This product is generated from image-based attributes and can be refined with additional catalog data.,/products/grey-footwear,Grey Footwear | Fashion Collection,Grey Footwear designed for everyday wear with a modern fashion-forward look.,,,,,,Visible color: Grey,Product type: Footwear,Fashion-forward silhouette,Suitable for styling across seasons,Image-based placeholder attributes (review before publishing),The grey footwear offers a clean silhouette and versatile styling for multiple occasions. This product is generated from image-based attributes and can be ,"footwear, grey, shoes, fashion",Grey Footwear | Fashion Collection,The grey footwear offers a clean silhouette and versatile styling for multiple occasions. This product is generated from image-based attributes and can be refined with additional catalog data.,Grey Footwear designed for everyday wear with a modern fashion-forward look.,The grey footwear offers a clean silhouette and versatile styling for multiple occasions. This product is generated from image-based attributes and can be refined with additional catalog data.,Grey Footwear designed for everyday wear with a modern fashion-forward look.,,Grey,,,,,Grey Footwear designed for everyday wear with a modern fashion-forward look.,Grey Footwear,,
ASTRID-01,ASTRID-01-NUDE,Adult,Nude,,ASTRID-01-NUDE.jpg,Nude Footwear,Women,"footwear, nude, shoes, fashion",Nude Footwear | Fashion Collection,The nude footwear offers a clean silhouette and versatile styling for multiple occasions. This product is generated from image-based attributes and can be refined with additional catalog data.,/products/nude-footwear,Nude Footwear | Fashion Collection,Nude Footwear designed for everyday wear with a modern fashion-forward look.,,,,,,Visible color: Nude,Product type: Footwear,Fashion-forward silhouette,Suitable for styling across seasons,Image-based placeholder attributes (review before publishing),The nude footwear offers a clean silhouette and versatile styling for multiple occasions. This product is generated from image-based attributes and can be ,"footwear, nude, shoes, fashion",Nude Footwear | Fashion Collection,The nude footwear offers a clean silhouette and versatile styling for multiple occasions. This product is generated from image-based attributes and can be refined with additional catalog data.,Nude Footwear designed for everyday wear with a modern fashion-forward look.,The nude footwear offers a clean silhouette and versatile styling for multiple occasions. This product is generated from image-based attributes and can be refined with additional catalog data.,Nude Footwear designed for everyday wear with a modern fashion-forward look.,,Nude,,,,,Nude Footwear designed for everyday wear with a modern fashion-forward look.,Nude Footwear,,
AUSTIN-06,AUSTIN-06-BLACK,Adult,Black,,AUSTIN-06-BLACK.jpg,Black Footwear,Women,"footwear, black, shoes, fashion",Black Footwear | Fashion Collection,The black footwear offers a clean silhouette and versatile styling for multiple occasions. This product is generated from image-based attributes and can be refined with additional catalog data.,/products/black-footwear,Black Footwear | Fashion Collection,Black Footwear designed for everyday wear with a modern fashion-forward look.,,,,,,Visible color: Black,Product type: Footwear,Fashion-forward silhouette,Suitable for styling across seasons,Image-based placeholder attributes (review before publishing),The black footwear offers a clean silhouette and versatile styling for multiple occasions. This product is generated from image-based attributes and can be,"footwear, black, shoes, fashion",Black Footwear | Fashion Collection,The black footwear offers a clean silhouette and versatile styling for multiple occasions. This product is generated from image-based attributes and can be refined with additional catalog data.,Black Footwear designed for everyday wear with a modern fashion-forward look.,The black footwear offers a clean silhouette and versatile styling for multiple occasions. This product is generated from image-based attributes and can be refined with additional catalog data.,Black Footwear designed for everyday wear with a modern fashion-forward look.,,Black,,,,,Black Footwear designed for everyday wear with a modern fashion-forward look.,Black Footwear,,
AUSTIN-06,AUSTIN-06-BLUSH,Adult,Blush,,AUSTIN-06-BLUSH.jpg,Blush Footwear,Women,"footwear, blush, shoes, fashion",Blush Footwear | Fashion Collection,The blush footwear offers a clean silhouette and versatile styling for multiple occasions. This product is generated from image-based attributes and can be refined with additional catalog data.,/products/blush-footwear,Blush Footwear | Fashion Collection,Blush Footwear designed for everyday wear with a modern fashion-forward look.,,,,,,Visible color: Blush,Product type: Footwear,Fashion-forward silhouette,Suitable for styling across seasons,Image-based placeholder attributes (review before publishing),The blush footwear offers a clean silhouette and versatile styling for multiple occasions. This product is generated from image-based attributes and can be,"footwear, blush, shoes, fashion",Blush Footwear | Fashion Collection,The blush footwear offers a clean silhouette and versatile styling for multiple occasions. This product is generated from image-based attributes and can be refined with additional catalog data.,Blush Footwear designed for everyday wear with a modern fashion-forward look.,The blush footwear offers a clean silhouette and versatile styling for multiple occasions. This product is generated from image-based attributes and can be refined with additional catalog data.,Blush Footwear designed for everyday wear with a modern fashion-forward look.,,Blush,,,,,Blush Footwear designed for everyday wear with a modern fashion-forward look.,Blush Footwear,,
AUSTIN-06,AUSTIN-06-CAMEL,Adult,Camel,,AUSTIN-06-CAMEL.jpg,Camel Footwear,Women,"footwear, camel, shoes, fashion",Camel Footwear | Fashion Collection,The camel footwear offers a clean silhouette and versatile styling for multiple occasions. This product is generated from image-based attributes and can be refined with additional catalog data.,/products/camel-footwear,Camel Footwear | Fashion Collection,Camel Footwear designed for everyday wear with a modern fashion-forward look.,,,,,,Visible color: Camel,Product type: Footwear,Fashion-forward silhouette,Suitable for styling across seasons,Image-based placeholder attributes (review before publishing),The camel footwear offers a clean silhouette and versatile styling for multiple occasions. This product is generated from image-based attributes and can be,"footwear, camel, shoes, fashion",Camel Footwear | Fashion Collection,The camel footwear offers a clean silhouette and versatile styling for multiple occasions. This product is generated from image-based attributes and can be refined with additional catalog data.,Camel Footwear designed for everyday wear with a modern fashion-forward look.,The camel footwear offers a clean silhouette and versatile styling for multiple occasions. This product is generated from image-based attributes and can be refined with additional catalog data.,Camel Footwear designed for everyday wear with a modern fashion-forward look.,,Camel,,,,,Camel Footwear designed for everyday wear with a modern fashion-forward look.,Camel Footwear,,
AUSTIN-06,AUSTIN-06-NUDE,Adult,Nude,,AUSTIN-06-NUDE.jpg,Nude Footwear,Women,"footwear, nude, shoes, fashion",Nude Footwear | Fashion Collection,The nude footwear offers a clean silhouette and versatile styling for multiple occasions. This product is generated from image-based attributes and can be refined with additional catalog data.,/products/nude-footwear,Nude Footwear | Fashion Collection,Nude Footwear designed for everyday wear with a modern fashion-forward look.,,,,,,Visible color: Nude,Product type: Footwear,Fashion-forward silhouette,Suitable for styling across seasons,Image-based placeholder attributes (review before publishing),The nude footwear offers a clean silhouette and versatile styling for multiple occasions. This product is generated from image-based attributes and can be ,"footwear, nude, shoes, fashion",Nude Footwear | Fashion Collection,The nude footwear offers a clean silhouette and versatile styling for multiple occasions. This product is generated from image-based attributes and can be refined with additional catalog data.,Nude Footwear designed for everyday wear with a modern fashion-forward look.,The nude footwear offers a clean silhouette and versatile styling for multiple occasions. This product is generated from image-based attributes and can be refined with additional catalog data.,Nude Footwear designed for everyday wear with a modern fashion-forward look.,,Nude,,,,,Nude Footwear designed for everyday wear with a modern fashion-forward look.,Nude Footwear,,
AUSTIN-06,AUSTIN-06-WHITE,Adult,White,,AUSTIN-06-WHITE.jpg,White Footwear,Women,"footwear, white, shoes, fashion",White Footwear | Fashion Collection,The white footwear offers a clean silhouette and versatile styling for multiple occasions. This product is generated from image-based attributes and can be refined with additional catalog data.,/products/white-footwear,White Footwear | Fashion Collection,White Footwear designed for everyday wear with a modern fashion-forward look.,,,,,,Visible color: White,Product type: Footwear,Fashion-forward silhouette,Suitable for styling across seasons,Image-based placeholder attributes (review before publishing),The white footwear offers a clean silhouette and versatile styling for multiple occasions. This product is generated from image-based attributes and can be,"footwear, white, shoes, fashion",White Footwear | Fashion Collection,The white footwear offers a clean silhouette and versatile styling for multiple occasions. This product is generated from image-based attributes and can be refined with additional catalog data.,White Footwear designed for everyday wear with a modern fashion-forward look.,The white footwear offers a clean silhouette and versatile styling for multiple occasions. This product is generated from image-based attributes and can be refined with additional catalog data.,White Footwear designed for everyday wear with a modern fashion-forward look.,,White,,,,,White Footwear designed for everyday wear with a modern fashion-forward look.,White Footwear,,
AVIANA-06,AVIANA-06-BEIGE,Adult,Beige,,AVIANA-06-BEIGE.jpg,Beige Footwear,Women,"footwear, beige, shoes, fashion",Beige Footwear | Fashion Collection,The beige footwear offers a clean silhouette and versatile styling for multiple occasions. This product is generated from image-based attributes and can be refined with additional catalog data.,/products/beige-footwear,Beige Footwear | Fashion Collection,Beige Footwear designed for everyday wear with a modern fashion-forward look.,,,,,,Visible color: Beige,Product type: Footwear,Fashion-forward silhouette,Suitable for styling across seasons,Image-based placeholder attributes (review before publishing),The beige footwear offers a clean silhouette and versatile styling for multiple occasions. This product is generated from image-based attributes and can be,"footwear, beige, shoes, fashion",Beige Footwear | Fashion Collection,The beige footwear offers a clean silhouette and versatile styling for multiple occasions. This product is generated from image-based attributes and can be refined with additional catalog data.,Beige Footwear designed for everyday wear with a modern fashion-forward look.,The beige footwear offers a clean silhouette and versatile styling for multiple occasions. This product is generated from image-based attributes and can be refined with additional catalog data.,Beige Footwear designed for everyday wear with a modern fashion-forward look.,,Beige,,,,,Beige Footwear designed for everyday wear with a modern fashion-forward look.,Beige Footwear,,
AVIANA-06,AVIANA-06-BLACK,Adult,Black,,AVIANA-06-BLACK.jpg,Black Footwear,Women,"footwear, black, shoes, fashion",Black Footwear | Fashion Collection,The black footwear offers a clean silhouette and versatile styling for multiple occasions. This product is generated from image-based attributes and can be refined with additional catalog data.,/products/black-footwear,Black Footwear | Fashion Collection,Black Footwear designed for everyday wear with a modern fashion-forward look.,,,,,,Visible color: Black,Product type: Footwear,Fashion-forward silhouette,Suitable for styling across seasons,Image-based placeholder attributes (review before publishing),The black footwear offers a clean silhouette and versatile styling for multiple occasions. This product is generated from image-based attributes and can be,"footwear, black, shoes, fashion",Black Footwear | Fashion Collection,The black footwear offers a clean silhouette and versatile styling for multiple occasions. This product is generated from image-based attributes and can be refined with additional catalog data.,Black Footwear designed for everyday wear with a modern fashion-forward look.,The black footwear offers a clean silhouette and versatile styling for multiple occasions. This product is generated from image-based attributes and can be refined with additional catalog data.,Black Footwear designed for everyday wear with a modern fashion-forward look.,,Black,,,,,Black Footwear designed for everyday wear with a modern fashion-forward look.,Black Footwear,,
AVIANA-06,AVIANA-06-PINK,Adult,Pink,,AVIANA-06-PINK.jpg,Pink Footwear,Women,"footwear, pink, shoes, fashion",Pink Footwear | Fashion Collection,The pink footwear offers a clean silhouette and versatile styling for multiple occasions. This product is generated from image-based attributes and can be refined with additional catalog data.,/products/pink-footwear,Pink Footwear | Fashion Collection,Pink Footwear designed for everyday wear with a modern fashion-forward look.,,,,,,Visible color: Pink,Product type: Footwear,Fashion-forward silhouette,Suitable for styling across seasons,Image-based placeholder attributes (review before publishing),The pink footwear offers a clean silhouette and versatile styling for multiple occasions. This product is generated from image-based attributes and can be ,"footwear, pink, shoes, fashion",Pink Footwear | Fashion Collection,The pink footwear offers a clean silhouette and versatile styling for multiple occasions. This product is generated from image-based attributes and can be refined with additional catalog data.,Pink Footwear designed for everyday wear with a modern fashion-forward look.,The pink footwear offers a clean silhouette and versatile styling for multiple occasions. This product is generated from image-based attributes and can be refined with additional catalog data.,Pink Footwear designed for everyday wear with a modern fashion-forward look.,,Pink,,,,,Pink Footwear designed for everyday wear with a modern fashion-forward look.,Pink Footwear,,
AVIANA-06,AVIANA-06-WHITE,Adult,White,,AVIANA-06-WHITE.jpg,White Footwear,Women,"footwear, white, shoes, fashion",White Footwear | Fashion Collection,The white footwear offers a clean silhouette and versatile styling for multiple occasions. This product is generated from image-based attributes and can be refined with additional catalog data.,/products/white-footwear,White Footwear | Fashion Collection,White Footwear designed for everyday wear with a modern fashion-forward look.,,,,,,Visible color: White,Product type: Footwear,Fashion-forward silhouette,Suitable for styling across seasons,Image-based placeholder attributes (review before publishing),The white footwear offers a clean silhouette and versatile styling for multiple occasions. This product is generated from image-based attributes and can be,"footwear, white, shoes, fashion",White Footwear | Fashion Collection,The white footwear offers a clean silhouette and versatile styling for multiple occasions. This product is generated from image-based attributes and can be refined with additional catalog data.,White Footwear designed for everyday wear with a modern fashion-forward look.,The white footwear offers a clean silhouette and versatile styling for multiple occasions. This product is generated from image-based attributes and can be refined with additional catalog data.,White Footwear designed for everyday wear with a modern fashion-forward look.,,White,,,,,White Footwear designed for everyday wear with a modern fashion-forward look.,White Footwear,,
CAMILA-06,CAMILA-06-BLACK,Adult,Black,,CAMILA-06-BLACK.jpg,Black Footwear,Women,"footwear, black, shoes, fashion",Black Footwear | Fashion Collection,The black footwear offers a clean silhouette and versatile styling for multiple occasions. This product is generated from image-based attributes and can be refined with additional catalog data.,/products/black-footwear,Black Footwear | Fashion Collection,Black Footwear designed for everyday wear with a modern fashion-forward look.,,,,,,Visible color: Black,Product type: Footwear,Fashion-forward silhouette,Suitable for styling across seasons,Image-based placeholder attributes (review before publishing),The black footwear offers a clean silhouette and versatile styling for multiple occasions. This product is generated from image-based attributes and can be,"footwear, black, shoes, fashion",Black Footwear | Fashion Collection,The black footwear offers a clean silhouette and versatile styling for multiple occasions. This product is generated from image-based attributes and can be refined with additional catalog data.,Black Footwear designed for everyday wear with a modern fashion-forward look.,The black footwear offers a clean silhouette and versatile styling for multiple occasions. This product is generated from image-based attributes and can be refined with additional catalog data.,Black Footwear designed for everyday wear with a modern fashion-forward look.,,Black,,,,,Black Footwear designed for everyday wear with a modern fashion-forward look.,Black Footwear,,
CAMILA-06,CAMILA-06-GREEN,Adult,Green,,CAMILA-06-GREEN.jpg,Green Footwear,Women,"footwear, green, shoes, fashion",Green Footwear | Fashion Collection,The green footwear offers a clean silhouette and versatile styling for multiple occasions. This product is generated from image-based attributes and can be refined with additional catalog data.,/products/green-footwear,Green Footwear | Fashion Collection,Green Footwear designed for everyday wear with a modern fashion-forward look.,,,,,,Visible color: Green,Product type: Footwear,Fashion-forward silhouette,Suitable for styling across seasons,Image-based placeholder attributes (review before publishing),The green footwear offers a clean silhouette and versatile styling for multiple occasions. This product is generated from image-based attributes and can be,"footwear, green, shoes, fashion",Green Footwear | Fashion Collection,The green footwear offers a clean silhouette and versatile styling for multiple occasions. This product is generated from image-based attributes and can be refined with additional catalog data.,Green Footwear designed for everyday wear with a modern fashion-forward look.,The green footwear offers a clean silhouette and versatile styling for multiple occasions. This product is generated from image-based attributes and can be refined with additional catalog data.,Green Footwear designed for everyday wear with a modern fashion-forward look.,,Green,,,,,Green Footwear designed for everyday wear with a modern fashion-forward look.,Green Footwear,,
CAMILA-06,CAMILA-06-LILAC,Adult,Lilac,,CAMILA-06-LILAC.jpg,Lilac Footwear,Women,"footwear, lilac, shoes, fashion",Lilac Footwear | Fashion Collection,The lilac footwear offers a clean silhouette and versatile styling for multiple occasions. This product is generated from image-based attributes and can be refined with additional catalog data.,/products/lilac-footwear,Lilac Footwear | Fashion Collection,Lilac Footwear designed for everyday wear with a modern fashion-forward look.,,,,,,Visible color: Lilac,Product type: Footwear,Fashion-forward silhouette,Suitable for styling across seasons,Image-based placeholder attributes (review before publishing),The lilac footwear offers a clean silhouette and versatile styling for multiple occasions. This product is generated from image-based attributes and can be,"footwear, lilac, shoes, fashion",Lilac Footwear | Fashion Collection,The lilac footwear offers a clean silhouette and versatile styling for multiple occasions. This product is generated from image-based attributes and can be refined with additional catalog data.,Lilac Footwear designed for everyday wear with a modern fashion-forward look.,The lilac footwear offers a clean silhouette and versatile styling for multiple occasions. This product is generated from image-based attributes and can be refined with additional catalog data.,Lilac Footwear designed for everyday wear with a modern fashion-forward look.,,Lilac,,,,,Lilac Footwear designed for everyday wear with a modern fashion-forward look.,Lilac Footwear,,
CAMILA-06,CAMILA-06-NUDE,Adult,Nude,,CAMILA-06-NUDE.jpg,Nude Footwear,Women,"footwear, nude, shoes, fashion",Nude Footwear | Fashion Collection,The nude footwear offers a clean silhouette and versatile styling for multiple occasions. This product is generated from image-based attributes and can be refined with additional catalog data.,/products/nude-footwear,Nude Footwear | Fashion Collection,Nude Footwear designed for everyday wear with a modern fashion-forward look.,,,,,,Visible color: Nude,Product type: Footwear,Fashion-forward silhouette,Suitable for styling across seasons,Image-based placeholder attributes (review before publishing),The nude footwear offers a clean silhouette and versatile styling for multiple occasions. This product is generated from image-based attributes and can be ,"footwear, nude, shoes, fashion",Nude Footwear | Fashion Collection,The nude footwear offers a clean silhouette and versatile styling for multiple occasions. This product is generated from image-based attributes and can be refined with additional catalog data.,Nude Footwear designed for everyday wear with a modern fashion-forward look.,The nude footwear offers a clean silhouette and versatile styling for multiple occasions. This product is generated from image-based attributes and can be refined with additional catalog data.,Nude Footwear designed for everyday wear with a modern fashion-forward look.,,Nude,,,,,Nude Footwear designed for everyday wear with a modern fashion-forward look.,Nude Footwear,,
CAMILA-06,CAMILA-06-TAUPE,Adult,Taupe,,CAMILA-06-TAUPE.jpg,Taupe Footwear,Women,"footwear, taupe, shoes, fashion",Taupe Footwear | Fashion Collection,The taupe footwear offers a clean silhouette and versatile styling for multiple occasions. This product is generated from image-based attributes and can be refined with additional catalog data.,/products/taupe-footwear,Taupe Footwear | Fashion Collection,Taupe Footwear designed for everyday wear with a modern fashion-forward look.,,,,,,Visible color: Taupe,Product type: Footwear,Fashion-forward silhouette,Suitable for styling across seasons,Image-based placeholder attributes (review before publishing),The taupe footwear offers a clean silhouette and versatile styling for multiple occasions. This product is generated from image-based attributes and can be,"footwear, taupe, shoes, fashion",Taupe Footwear | Fashion Collection,The taupe footwear offers a clean silhouette and versatile styling for multiple occasions. This product is generated from image-based attributes and can be refined with additional catalog data.,Taupe Footwear designed for everyday wear with a modern fashion-forward look.,The taupe footwear offers a clean silhouette and versatile styling for multiple occasions. This product is generated from image-based attributes and can be refined with additional catalog data.,Taupe Footwear designed for everyday wear with a modern fashion-forward look.,,Taupe,,,,,Taupe Footwear designed for everyday wear with a modern fashion-forward look.,Taupe Footwear,,
CORA-01,CORA-01-BLK,Adult,,,CORA-01-BLK.jpg,Footwear,Women,"footwear, shoes, fashion",Footwear | Fashion Collection,The footwear offers a clean silhouette and versatile styling for multiple occasions. This product is generated from image-based attributes and can be refined with additional catalog data.,/products/footwear,Footwear | Fashion Collection,Footwear designed for everyday wear with a modern fashion-forward look.,,,,,,Color visible in image,Product type: Footwear,Fashion-forward silhouette,Suitable for styling across seasons,Image-based placeholder attributes (review before publishing),The footwear offers a clean silhouette and versatile styling for multiple occasions. This product is generated from image-based attributes and can be refin,"footwear, shoes, fashion",Footwear | Fashion Collection,The footwear offers a clean silhouette and versatile styling for multiple occasions. This product is generated from image-based attributes and can be refined with additional catalog data.,Footwear designed for everyday wear with a modern fashion-forward look.,The footwear offers a clean silhouette and versatile styling for multiple occasions. This product is generated from image-based attributes and can be refined with additional catalog data.,Footwear designed for everyday wear with a modern fashion-forward look.,,,,,,,Footwear designed for everyday wear with a modern fashion-forward look.,Footwear,,
CORA-01,CORA-01-CAME,Adult,,,CORA-01-CAME.jpg,Footwear,Women,"footwear, shoes, fashion",Footwear | Fashion Collection,The footwear offers a clean silhouette and versatile styling for multiple occasions. This product is generated from image-based attributes and can be refined with additional catalog data.,/products/footwear,Footwear | Fashion Collection,Footwear designed for everyday wear with a modern fashion-forward look.,,,,,,Color visible in image,Product type: Footwear,Fashion-forward silhouette,Suitable for styling across seasons,Image-based placeholder attributes (review before publishing),The footwear offers a clean silhouette and versatile styling for multiple occasions. This product is generated from image-based attributes and can be refin,"footwear, shoes, fashion",Footwear | Fashion Collection,The footwear offers a clean silhouette and versatile styling for multiple occasions. This product is generated from image-based attributes and can be refined with additional catalog data.,Footwear designed for everyday wear with a modern fashion-forward look.,The footwear offers a clean silhouette and versatile styling for multiple occasions. This product is generated from image-based attributes and can be refined with additional catalog data.,Footwear designed for everyday wear with a modern fashion-forward look.,,,,,,,Footwear designed for everyday wear with a modern fashion-forward look.,Footwear,,
CORA-01,CORA-01-FUCH,Adult,,,CORA-01-FUCH.jpg,Footwear,Women,"footwear, shoes, fashion",Footwear | Fashion Collection,The footwear offers a clean silhouette and versatile styling for multiple occasions. This product is generated from image-based attributes and can be refined with additional catalog data.,/products/footwear,Footwear | Fashion Collection,Footwear designed for everyday wear with a modern fashion-forward look.,,,,,,Color visible in image,Product type: Footwear,Fashion-forward silhouette,Suitable for styling across seasons,Image-based placeholder attributes (review before publishing),The footwear offers a clean silhouette and versatile styling for multiple occasions. This product is generated from image-based attributes and can be refin,"footwear, shoes, fashion",Footwear | Fashion Collection,The footwear offers a clean silhouette and versatile styling for multiple occasions. This product is generated from image-based attributes and can be refined with additional catalog data.,Footwear designed for everyday wear with a modern fashion-forward look.,The footwear offers a clean silhouette and versatile styling for multiple occasions. This product is generated from image-based attributes and can be refined with additional catalog data.,Footwear designed for everyday wear with a modern fashion-forward look.,,,,,,,Footwear designed for everyday wear with a modern fashion-forward look.,Footwear,,
CORA-01,CORA-01-LEOP,Adult,,,CORA-01-LEOP.jpg,Footwear,Women,"footwear, shoes, fashion",Footwear | Fashion Collection,The footwear offers a clean silhouette and versatile styling for multiple occasions. This product is generated from image-based attributes and can be refined with additional catalog data.,/products/footwear,Footwear | Fashion Collection,Footwear designed for everyday wear with a modern fashion-forward look.,,,,,,Color visible in image,Product type: Footwear,Fashion-forward silhouette,Suitable for styling across seasons,Image-based placeholder attributes (review before publishing),The footwear offers a clean silhouette and versatile styling for multiple occasions. This product is generated from image-based attributes and can be refin,"footwear, shoes, fashion",Footwear | Fashion Collection,The footwear offers a clean silhouette and versatile styling for multiple occasions. This product is generated from image-based attributes and can be refined with additional catalog data.,Footwear designed for everyday wear with a modern fashion-forward look.,The footwear offers a clean silhouette and versatile styling for multiple occasions. This product is generated from image-based attributes and can be refined with additional catalog data.,Footwear designed for everyday wear with a modern fashion-forward look.,,,,,,,Footwear designed for everyday wear with a modern fashion-forward look.,Footwear,,
CORA-01,CORA-01-TAUP,Adult,,,CORA-01-TAUP.jpg,Footwear,Women,"footwear, shoes, fashion",Footwear | Fashion Collection,The footwear offers a clean silhouette and versatile styling for multiple occasions. This product is generated from image-based attributes and can be refined with additional catalog data.,/products/footwear,Footwear | Fashion Collection,Footwear designed for everyday wear with a modern fashion-forward look.,,,,,,Color visible in image,Product type: Footwear,Fashion-forward silhouette,Suitable for styling across seasons,Image-based placeholder attributes (review before publishing),The footwear offers a clean silhouette and versatile styling for multiple occasions. This product is generated from image-based attributes and can be refin,"footwear, shoes, fashion",Footwear | Fashion Collection,The footwear offers a clean silhouette and versatile styling for multiple occasions. This product is generated from image-based attributes and can be refined with additional catalog data.,Footwear designed for everyday wear with a modern fashion-forward look.,The footwear offers a clean silhouette and versatile styling for multiple occasions. This product is generated from image-based attributes and can be refined with additional catalog data.,Footwear designed for everyday wear with a modern fashion-forward look.,,,,,,,Footwear designed for everyday wear with a modern fashion-forward look.,Footwear,,
CORA-01,CORA-01-YLW,Adult,,,CORA-01-YLW.jpg,Footwear,Women,"footwear, shoes, fashion",Footwear | Fashion Collection,The footwear offers a clean silhouette and versatile styling for multiple occasions. This product is generated from image-based attributes and can be refined with additional catalog data.,/products/footwear,Footwear | Fashion Collection,Footwear designed for everyday wear with a modern fashion-forward look.,,,,,,Color visible in image,Product type: Footwear,Fashion-forward silhouette,Suitable for styling across seasons,Image-based placeholder attributes (review before publishing),The footwear offers a clean silhouette and versatile styling for multiple occasions. This product is generated from image-based attributes and can be refin,"footwear, shoes, fashion",Footwear | Fashion Collection,The footwear offers a clean silhouette and versatile styling for multiple occasions. This product is generated from image-based attributes and can be refined with additional catalog data.,Footwear designed for everyday wear with a modern fashion-forward look.,The footwear offers a clean silhouette and versatile styling for multiple occasions. This product is generated from image-based attributes and can be refined with additional catalog data.,Footwear designed for everyday wear with a modern fashion-forward look.,,,,,,,Footwear designed for everyday wear with a modern fashion-forward look.,Footwear,,
F13031C,F13031C-1742VNTGBJ,Adult,,,F13031C-1742VNTGBJ.jpg,Fashion Item,Women,"fashion item, general, fashion",Fashion Item | Fashion Collection,The fashion item offers a clean silhouette and versatile styling for multiple occasions. This product is generated from image-based attributes and can be refined with additional catalog data.,/products/fashion-item,Fashion Item | Fashion Collection,Fashion Item designed for everyday wear with a modern fashion-forward look.,,,,,,Color visible in image,Product type: Fashion Item,Fashion-forward silhouette,Suitable for styling across seasons,Image-based placeholder attributes (review before publishing),The fashion item offers a clean silhouette and versatile styling for multiple occasions. This product is generated from image-based attributes and can be r,"fashion item, general, fashion",Fashion Item | Fashion Collection,The fashion item offers a clean silhouette and versatile styling for multiple occasions. This product is generated from image-based attributes and can be refined with additional catalog data.,Fashion Item designed for everyday wear with a modern fashion-forward look.,The fashion item offers a clean silhouette and versatile styling for multiple occasions. This product is generated from image-based attributes and can be refined with additional catalog data.,Fashion Item designed for everyday wear with a modern fashion-forward look.,,,,,,,Fashion Item designed for everyday wear with a modern fashion-forward look.,Fashion Item,,
F13031C,F13031C-1742VNTGCO,Adult,,,F13031C-1742VNTGCO.jpg,Fashion Item,Women,"fashion item, general, fashion",Fashion Item | Fashion Collection,The fashion item offers a clean silhouette and versatile styling for multiple occasions. This product is generated from image-based attributes and can be refined with additional catalog data.,/products/fashion-item,Fashion Item | Fashion Collection,Fashion Item designed for everyday wear with a modern fashion-forward look.,,,,,,Color visible in image,Product type: Fashion Item,Fashion-forward silhouette,Suitable for styling across seasons,Image-based placeholder attributes (review before publishing),The fashion item offers a clean silhouette and versatile styling for multiple occasions. This product is generated from image-based attributes and can be r,"fashion item, general, fashion",Fashion Item | Fashion Collection,The fashion item offers a clean silhouette and versatile styling for multiple occasions. This product is generated from image-based attributes and can be refined with additional catalog data.,Fashion Item designed for everyday wear with a modern fashion-forward look.,The fashion item offers a clean silhouette and versatile styling for multiple occasions. This product is generated from image-based attributes and can be refined with additional catalog data.,Fashion Item designed for everyday wear with a modern fashion-forward look.,,,,,,,Fashion Item designed for everyday wear with a modern fashion-forward look.,Fashion Item,,
F13031C,F13031C-1742VNTGDM,Adult,,,F13031C-1742VNTGDM.jpg,Fashion Item,Women,"fashion item, general, fashion",Fashion Item | Fashion Collection,The fashion item offers a clean silhouette and versatile styling for multiple occasions. This product is generated from image-based attributes and can be refined with additional catalog data.,/products/fashion-item,Fashion Item | Fashion Collection,Fashion Item designed for everyday wear with a modern fashion-forward look.,,,,,,Color visible in image,Product type: Fashion Item,Fashion-forward silhouette,Suitable for styling across seasons,Image-based placeholder attributes (review before publishing),The fashion item offers a clean silhouette and versatile styling for multiple occasions. This product is generated from image-based attributes and can be r,"fashion item, general, fashion",Fashion Item | Fashion Collection,The fashion item offers a clean silhouette and versatile styling for multiple occasions. This product is generated from image-based attributes and can be refined with additional catalog data.,Fashion Item designed for everyday wear with a modern fashion-forward look.,The fashion item offers a clean silhouette and versatile styling for multiple occasions. This product is generated from image-based attributes and can be refined with additional catalog data.,Fashion Item designed for everyday wear with a modern fashion-forward look.,,,,,,,Fashion Item designed for everyday wear with a modern fashion-forward look.,Fashion Item,,
F13031C,F13031C-1742VNTGST,Adult,,,F13031C-1742VNTGST.jpg,Fashion Item,Women,"fashion item, general, fashion",Fashion Item | Fashion Collection,The fashion item offers a clean silhouette and versatile styling for multiple occasions. This product is generated from image-based attributes and can be refined with additional catalog data.,/products/fashion-item,Fashion Item | Fashion Collection,Fashion Item designed for everyday wear with a modern fashion-forward look.,,,,,,Color visible in image,Product type: Fashion Item,Fashion-forward silhouette,Suitable for styling across seasons,Image-based placeholder attributes (review before publishing),The fashion item offers a clean silhouette and versatile styling for multiple occasions. This product is generated from image-based attributes and can be r,"fashion item, general, fashion",Fashion Item | Fashion Collection,The fashion item offers a clean silhouette and versatile styling for multiple occasions. This product is generated from image-based attributes and can be refined with additional catalog data.,Fashion Item designed for everyday wear with a modern fashion-forward look.,The fashion item offers a clean silhouette and versatile styling for multiple occasions. This product is generated from image-based attributes and can be refined with additional catalog data.,Fashion Item designed for everyday wear with a modern fashion-forward look.,,,,,,,Fashion Item designed for everyday wear with a modern fashion-forward look.,Fashion Item,,
F13T007SS,F13T007SS-CABERNET,Adult,,,F13T007SS-CABERNET.jpg,Fashion Item,Women,"fashion item, general, fashion",Fashion Item | Fashion Collection,The fashion item offers a clean silhouette and versatile styling for multiple occasions. This product is generated from image-based attributes and can be refined with additional catalog data.,/products/fashion-item,Fashion Item | Fashion Collection,Fashion Item designed for everyday wear with a modern fashion-forward look.,,,,,,Color visible in image,Product type: Fashion Item,Fashion-forward silhouette,Suitable for styling across seasons,Image-based placeholder attributes (review before publishing),The fashion item offers a clean silhouette and versatile styling for multiple occasions. This product is generated from image-based attributes and can be r,"fashion item, general, fashion",Fashion Item | Fashion Collection,The fashion item offers a clean silhouette and versatile styling for multiple occasions. This product is generated from image-based attributes and can be refined with additional catalog data.,Fashion Item designed for everyday wear with a modern fashion-forward look.,The fashion item offers a clean silhouette and versatile styling for multiple occasions. This product is generated from image-based attributes and can be refined with additional catalog data.,Fashion Item designed for everyday wear with a modern fashion-forward look.,,,,,,,Fashion Item designed for everyday wear with a modern fashion-forward look.,Fashion Item,,
FA13501DM,FA13501DM-1464KINGSC,Adult,,,FA13501DM-1464KINGSC.jpg,Fashion Item,Women,"fashion item, general, fashion",Fashion Item | Fashion Collection,The fashion item offers a clean silhouette and versatile styling for multiple occasions. This product is generated from image-based attributes and can be refined with additional catalog data.,/products/fashion-item,Fashion Item | Fashion Collection,Fashion Item designed for everyday wear with a modern fashion-forward look.,,,,,,Color visible in image,Product type: Fashion Item,Fashion-forward silhouette,Suitable for styling across seasons,Image-based placeholder attributes (review before publishing),The fashion item offers a clean silhouette and versatile styling for multiple occasions. This product is generated from image-based attributes and can be r,"fashion item, general, fashion",Fashion Item | Fashion Collection,The fashion item offers a clean silhouette and versatile styling for multiple occasions. This product is generated from image-based attributes and can be refined with additional catalog data.,Fashion Item designed for everyday wear with a modern fashion-forward look.,The fashion item offers a clean silhouette and versatile styling for multiple occasions. This product is generated from image-based attributes and can be refined with additional catalog data.,Fashion Item designed for everyday wear with a modern fashion-forward look.,,,,,,,Fashion Item designed for everyday wear with a modern fashion-forward look.,Fashion Item,,
FA13501DM,FA13501DM-1608BLAU2,Adult,,,FA13501DM-1608BLAU2.jpg,Fashion Item,Women,"fashion item, general, fashion",Fashion Item | Fashion Collection,The fashion item offers a clean silhouette and versatile styling for multiple occasions. This product is generated from image-based attributes and can be refined with additional catalog data.,/products/fashion-item,Fashion Item | Fashion Collection,Fashion Item designed for everyday wear with a modern fashion-forward look.,,,,,,Color visible in image,Product type: Fashion Item,Fashion-forward silhouette,Suitable for styling across seasons,Image-based placeholder attributes (review before publishing),The fashion item offers a clean silhouette and versatile styling for multiple occasions. This product is generated from image-based attributes and can be r,"fashion item, general, fashion",Fashion Item | Fashion Collection,The fashion item offers a clean silhouette and versatile styling for multiple occasions. This product is generated from image-based attributes and can be refined with additional catalog data.,Fashion Item designed for everyday wear with a modern fashion-forward look.,The fashion item offers a clean silhouette and versatile styling for multiple occasions. This product is generated from image-based attributes and can be refined with additional catalog data.,Fashion Item designed for everyday wear with a modern fashion-forward look.,,,,,,,Fashion Item designed for everyday wear with a modern fashion-forward look.,Fashion Item,,
FA13501DM,FA13501DM-RINSEWSFT,Adult,,,FA13501DM-RINSEWSFT.jpg,Fashion Item,Women,"fashion item, general, fashion",Fashion Item | Fashion Collection,The fashion item offers a clean silhouette and versatile styling for multiple occasions. This product is generated from image-based attributes and can be refined with additional catalog data.,/products/fashion-item,Fashion Item | Fashion Collection,Fashion Item designed for everyday wear with a modern fashion-forward look.,,,,,,Color visible in image,Product type: Fashion Item,Fashion-forward silhouette,Suitable for styling across seasons,Image-based placeholder attributes (review before publishing),The fashion item offers a clean silhouette and versatile styling for multiple occasions. This product is generated from image-based attributes and can be r,"fashion item, general, fashion",Fashion Item | Fashion Collection,The fashion item offers a clean silhouette and versatile styling for multiple occasions. This product is generated from image-based attributes and can be refined with additional catalog data.,Fashion Item designed for everyday wear with a modern fashion-forward look.,The fashion item offers a clean silhouette and versatile styling for multiple occasions. This product is generated from image-based attributes and can be refined with additional catalog data.,Fashion Item designed for everyday wear with a modern fashion-forward look.,,,,,,,Fashion Item designed for everyday wear with a modern fashion-forward look.,Fashion Item,,
FA13512DM,FA13512DM-1847DPOCN,Adult,,,FA13512DM-1847DPOCN.jpg,Fashion Item,Women,"fashion item, general, fashion",Fashion Item | Fashion Collection,The fashion item offers a clean silhouette and versatile styling for multiple occasions. This product is generated from image-based attributes and can be refined with additional catalog data.,/products/fashion-item,Fashion Item | Fashion Collection,Fashion Item designed for everyday wear with a modern fashion-forward look.,,,,,,Color visible in image,Product type: Fashion Item,Fashion-forward silhouette,Suitable for styling across seasons,Image-based placeholder attributes (review before publishing),The fashion item offers a clean silhouette and versatile styling for multiple occasions. This product is generated from image-based attributes and can be r,"fashion item, general, fashion",Fashion Item | Fashion Collection,The fashion item offers a clean silhouette and versatile styling for multiple occasions. This product is generated from image-based attributes and can be refined with additional catalog data.,Fashion Item designed for everyday wear with a modern fashion-forward look.,The fashion item offers a clean silhouette and versatile styling for multiple occasions. This product is generated from image-based attributes and can be refined with additional catalog data.,Fashion Item designed for everyday wear with a modern fashion-forward look.,,,,,,,Fashion Item designed for everyday wear with a modern fashion-forward look.,Fashion Item,,
FA16023WV,FA16023WV-MIDNIGHTBLUE,Adult,,,FA16023WV-MIDNIGHTBLUE.jpg,Fashion Item,Women,"fashion item, general, fashion",Fashion Item | Fashion Collection,The fashion item offers a clean silhouette and versatile styling for multiple occasions. This product is generated from image-based attributes and can be refined with additional catalog data.,/products/fashion-item,Fashion Item | Fashion Collection,Fashion Item designed for everyday wear with a modern fashion-forward look.,,,,,,Color visible in image,Product type: Fashion Item,Fashion-forward silhouette,Suitable for styling across seasons,Image-based placeholder attributes (review before publishing),The fashion item offers a clean silhouette and versatile styling for multiple occasions. This product is generated from image-based attributes and can be r,"fashion item, general, fashion",Fashion Item | Fashion Collection,The fashion item offers a clean silhouette and versatile styling for multiple occasions. This product is generated from image-based attributes and can be refined with additional catalog data.,Fashion Item designed for everyday wear with a modern fashion-forward look.,The fashion item offers a clean silhouette and versatile styling for multiple occasions. This product is generated from image-based attributes and can be refined with additional catalog data.,Fashion Item designed for everyday wear with a modern fashion-forward look.,,,,,,,Fashion Item designed for everyday wear with a modern fashion-forward look.,Fashion Item,,
FA16023WV,FA16023WV-MIDNIGHTCAMO,Adult,,,FA16023WV-MIDNIGHTCAMO.jpg,Fashion Item,Women,"fashion item, general, fashion",Fashion Item | Fashion Collection,The fashion item offers a clean silhouette and versatile styling for multiple occasions. This product is generated from image-based attributes and can be refined with additional catalog data.,/products/fashion-item,Fashion Item | Fashion Collection,Fashion Item designed for everyday wear with a modern fashion-forward look.,,,,,,Color visible in image,Product type: Fashion Item,Fashion-forward silhouette,Suitable for styling across seasons,Image-based placeholder attributes (review before publishing),The fashion item offers a clean silhouette and versatile styling for multiple occasions. This product is generated from image-based attributes and can be r,"fashion item, general, fashion",Fashion Item | Fashion Collection,The fashion item offers a clean silhouette and versatile styling for multiple occasions. This product is generated from image-based attributes and can be refined with additional catalog data.,Fashion Item designed for everyday wear with a modern fashion-forward look.,The fashion item offers a clean silhouette and versatile styling for multiple occasions. This product is generated from image-based attributes and can be refined with additional catalog data.,Fashion Item designed for everyday wear with a modern fashion-forward look.,,,,,,,Fashion Item designed for everyday wear with a modern fashion-forward look.,Fashion Item,,
FA16023WV,FA16023WV-SLATE,Adult,,,FA16023WV-SLATE.jpg,Fashion Item,Women,"fashion item, general, fashion",Fashion Item | Fashion Collection,The fashion item offers a clean silhouette and versatile styling for multiple occasions. This product is generated from image-based attributes and can be refined with additional catalog data.,/products/fashion-item,Fashion Item | Fashion Collection,Fashion Item designed for everyday wear with a modern fashion-forward look.,,,,,,Color visible in image,Product type: Fashion Item,Fashion-forward silhouette,Suitable for styling across seasons,Image-based placeholder attributes (review before publishing),The fashion item offers a clean silhouette and versatile styling for multiple occasions. This product is generated from image-based attributes and can be r,"fashion item, general, fashion",Fashion Item | Fashion Collection,The fashion item offers a clean silhouette and versatile styling for multiple occasions. This product is generated from image-based attributes and can be refined with additional catalog data.,Fashion Item designed for everyday wear with a modern fashion-forward look.,The fashion item offers a clean silhouette and versatile styling for multiple occasions. This product is generated from image-based attributes and can be refined with additional catalog data.,Fashion Item designed for everyday wear with a modern fashion-forward look.,,,,,,,Fashion Item designed for everyday wear with a modern fashion-forward look.,Fashion Item,,
FA16023WV,FA16023WV-SMOKELEOPARD,Adult,,,FA16023WV-SMOKELEOPARD.jpg,Fashion Item,Women,"fashion item, general, fashion",Fashion Item | Fashion Collection,The fashion item offers a clean silhouette and versatile styling for multiple occasions. This product is generated from image-based attributes and can be refined with additional catalog data.,/products/fashion-item,Fashion Item | Fashion Collection,Fashion Item designed for everyday wear with a modern fashion-forward look.,,,,,,Color visible in image,Product type: Fashion Item,Fashion-forward silhouette,Suitable for styling across seasons,Image-based placeholder attributes (review before publishing),The fashion item offers a clean silhouette and versatile styling for multiple occasions. This product is generated from image-based attributes and can be r,"fashion item, general, fashion",Fashion Item | Fashion Collection,The fashion item offers a clean silhouette and versatile styling for multiple occasions. This product is generated from image-based attributes and can be refined with additional catalog data.,Fashion Item designed for everyday wear with a modern fashion-forward look.,The fashion item offers a clean silhouette and versatile styling for multiple occasions. This product is generated from image-based attributes and can be refined with additional catalog data.,Fashion Item designed for everyday wear with a modern fashion-forward look.,,,,,,,Fashion Item designed for everyday wear with a modern fashion-forward look.,Fashion Item,,
FA16023WV,FA16023WV-SMOKEYROSE,Adult,,,FA16023WV-SMOKEYROSE.jpg,Fashion Item,Women,"fashion item, general, fashion",Fashion Item | Fashion Collection,The fashion item offers a clean silhouette and versatile styling for multiple occasions. This product is generated from image-based attributes and can be refined with additional catalog data.,/products/fashion-item,Fashion Item | Fashion Collection,Fashion Item designed for everyday wear with a modern fashion-forward look.,,,,,,Color visible in image,Product type: Fashion Item,Fashion-forward silhouette,Suitable for styling across seasons,Image-based placeholder attributes (review before publishing),The fashion item offers a clean silhouette and versatile styling for multiple occasions. This product is generated from image-based attributes and can be r,"fashion item, general, fashion",Fashion Item | Fashion Collection,The fashion item offers a clean silhouette and versatile styling for multiple occasions. This product is generated from image-based attributes and can be refined with additional catalog data.,Fashion Item designed for everyday wear with a modern fashion-forward look.,The fashion item offers a clean silhouette and versatile styling for multiple occasions. This product is generated from image-based attributes and can be refined with additional catalog data.,Fashion Item designed for everyday wear with a modern fashion-forward look.,,,,,,,Fashion Item designed for everyday wear with a modern fashion-forward look.,Fashion Item,,
FA16105WV,FA16105WV-MIDNIGHTBLUE,Adult,,,FA16105WV-MIDNIGHTBLUE.jpg,Fashion Item,Women,"fashion item, general, fashion",Fashion Item | Fashion Collection,The fashion item offers a clean silhouette and versatile styling for multiple occasions. This product is generated from image-based attributes and can be refined with additional catalog data.,/products/fashion-item,Fashion Item | Fashion Collection,Fashion Item designed for everyday wear with a modern fashion-forward look.,,,,,,Color visible in image,Product type: Fashion Item,Fashion-forward silhouette,Suitable for styling across seasons,Image-based placeholder attributes (review before publishing),The fashion item offers a clean silhouette and versatile styling for multiple occasions. This product is generated from image-based attributes and can be r,"fashion item, general, fashion",Fashion Item | Fashion Collection,The fashion item offers a clean silhouette and versatile styling for multiple occasions. This product is generated from image-based attributes and can be refined with additional catalog data.,Fashion Item designed for everyday wear with a modern fashion-forward look.,The fashion item offers a clean silhouette and versatile styling for multiple occasions. This product is generated from image-based attributes and can be refined with additional catalog data.,Fashion Item designed for everyday wear with a modern fashion-forward look.,,,,,,,Fashion Item designed for everyday wear with a modern fashion-forward look.,Fashion Item,,
FA16105WV,FA16105WV-MIDNIGHTCAMO,Adult,,,FA16105WV-MIDNIGHTCAMO.jpg,Fashion Item,Women,"fashion item, general, fashion",Fashion Item | Fashion Collection,The fashion item offers a clean silhouette and versatile styling for multiple occasions. This product is generated from image-based attributes and can be refined with additional catalog data.,/products/fashion-item,Fashion Item | Fashion Collection,Fashion Item designed for everyday wear with a modern fashion-forward look.,,,,,,Color visible in image,Product type: Fashion Item,Fashion-forward silhouette,Suitable for styling across seasons,Image-based placeholder attributes (review before publishing),The fashion item offers a clean silhouette and versatile styling for multiple occasions. This product is generated from image-based attributes and can be r,"fashion item, general, fashion",Fashion Item | Fashion Collection,The fashion item offers a clean silhouette and versatile styling for multiple occasions. This product is generated from image-based attributes and can be refined with additional catalog data.,Fashion Item designed for everyday wear with a modern fashion-forward look.,The fashion item offers a clean silhouette and versatile styling for multiple occasions. This product is generated from image-based attributes and can be refined with additional catalog data.,Fashion Item designed for everyday wear with a modern fashion-forward look.,,,,,,,Fashion Item designed for everyday wear with a modern fashion-forward look.,Fashion Item,,
FB3601737,FB3601737-3219UNFORGV,Adult,,,FB3601737-3219UNFORGV.jpg,Fashion Item,Women,"fashion item, general, fashion",Fashion Item | Fashion Collection,The fashion item offers a clean silhouette and versatile styling for multiple occasions. This product is generated from image-based attributes and can be refined with additional catalog data.,/products/fashion-item,Fashion Item | Fashion Collection,Fashion Item designed for everyday wear with a modern fashion-forward look.,,,,,,Color visible in image,Product type: Fashion Item,Fashion-forward silhouette,Suitable for styling across seasons,Image-based placeholder attributes (review before publishing),The fashion item offers a clean silhouette and versatile styling for multiple occasions. This product is generated from image-based attributes and can be r,"fashion item, general, fashion",Fashion Item | Fashion Collection,The fashion item offers a clean silhouette and versatile styling for multiple occasions. This product is generated from image-based attributes and can be refined with additional catalog data.,Fashion Item designed for everyday wear with a modern fashion-forward look.,The fashion item offers a clean silhouette and versatile styling for multiple occasions. This product is generated from image-based attributes and can be refined with additional catalog data.,Fashion Item designed for everyday wear with a modern fashion-forward look.,,,,,,,Fashion Item designed for everyday wear with a modern fashion-forward look.,Fashion Item,,
FD3601033,FD3601033-3022FROZENPD,Adult,,,FD3601033-3022FROZENPD.jpg,Fashion Item,Women,"fashion item, general, fashion",Fashion Item | Fashion Collection,The fashion item offers a clean silhouette and versatile styling for multiple occasions. This product is generated from image-based attributes and can be refined with additional catalog data.,/products/fashion-item,Fashion Item | Fashion Collection,Fashion Item designed for everyday wear with a modern fashion-forward look.,,,,,,Color visible in image,Product type: Fashion Item,Fashion-forward silhouette,Suitable for styling across seasons,Image-based placeholder attributes (review before publishing),The fashion item offers a clean silhouette and versatile styling for multiple occasions. This product is generated from image-based attributes and can be r,"fashion item, general, fashion",Fashion Item | Fashion Collection,The fashion item offers a clean silhouette and versatile styling for multiple occasions. This product is generated from image-based attributes and can be refined with additional catalog data.,Fashion Item designed for everyday wear with a modern fashion-forward look.,The fashion item offers a clean silhouette and versatile styling for multiple occasions. This product is generated from image-based attributes and can be refined with additional catalog data.,Fashion Item designed for everyday wear with a modern fashion-forward look.,,,,,,,Fashion Item designed for everyday wear with a modern fashion-forward look.,Fashion Item,,
FD3601734,FD3601734-MEDBLEACH,Adult,,,FD3601734-MEDBLEACH.jpg,Fashion Item,Women,"fashion item, general, fashion",Fashion Item | Fashion Collection,The fashion item offers a clean silhouette and versatile styling for multiple occasions. This product is generated from image-based attributes and can be refined with additional catalog data.,/products/fashion-item,Fashion Item | Fashion Collection,Fashion Item designed for everyday wear with a modern fashion-forward look.,,,,,,Color visible in image,Product type: Fashion Item,Fashion-forward silhouette,Suitable for styling across seasons,Image-based placeholder attributes (review before publishing),The fashion item offers a clean silhouette and versatile styling for multiple occasions. This product is generated from image-based attributes and can be r,"fashion item, general, fashion",Fashion Item | Fashion Collection,The fashion item offers a clean silhouette and versatile styling for multiple occasions. This product is generated from image-based attributes and can be refined with additional catalog data.,Fashion Item designed for everyday wear with a modern fashion-forward look.,The fashion item offers a clean silhouette and versatile styling for multiple occasions. This product is generated from image-based attributes and can be refined with additional catalog data.,Fashion Item designed for everyday wear with a modern fashion-forward look.,,,,,,,Fashion Item designed for everyday wear with a modern fashion-forward look.,Fashion Item,,
FD9801506P,FD9801506P-BLACK,Adult,Black,,FD9801506P-BLACK.jpg,Black Fashion Item,Women,"fashion item, black, general, fashion",Black Fashion Item | Fashion Collection,The black fashion item offers a clean silhouette and versatile styling for multiple occasions. This product is generated from image-based attributes and can be refined with additional catalog data.,/products/black-fashion-item,Black Fashion Item | Fashion Collection,Black Fashion Item designed for everyday wear with a modern fashion-forward look.,,,,,,Visible color: Black,Product type: Fashion Item,Fashion-forward silhouette,Suitable for styling across seasons,Image-based placeholder attributes (review before publishing),The black fashion item offers a clean silhouette and versatile styling for multiple occasions. This product is generated from image-based attributes and ca,"fashion item, black, general, fashion",Black Fashion Item | Fashion Collection,The black fashion item offers a clean silhouette and versatile styling for multiple occasions. This product is generated from image-based attributes and can be refined with additional catalog data.,Black Fashion Item designed for everyday wear with a modern fashion-forward look.,The black fashion item offers a clean silhouette and versatile styling for multiple occasions. This product is generated from image-based attributes and can be refined with additional catalog data.,Black Fashion Item designed for everyday wear with a modern fashion-forward look.,,Black,,,,,Black Fashion Item designed for everyday wear with a modern fashion-forward look.,Black Fashion Item,,
FD9801506P,FD9801506P-BLACKBROWN,Adult,,,FD9801506P-BLACKBROWN.jpg,Fashion Item,Women,"fashion item, general, fashion",Fashion Item | Fashion Collection,The fashion item offers a clean silhouette and versatile styling for multiple occasions. This product is generated from image-based attributes and can be refined with additional catalog data.,/products/fashion-item,Fashion Item | Fashion Collection,Fashion Item designed for everyday wear with a modern fashion-forward look.,,,,,,Color visible in image,Product type: Fashion Item,Fashion-forward silhouette,Suitable for styling across seasons,Image-based placeholder attributes (review before publishing),The fashion item offers a clean silhouette and versatile styling for multiple occasions. This product is generated from image-based attributes and can be r,"fashion item, general, fashion",Fashion Item | Fashion Collection,The fashion item offers a clean silhouette and versatile styling for multiple occasions. This product is generated from image-based attributes and can be refined with additional catalog data.,Fashion Item designed for everyday wear with a modern fashion-forward look.,The fashion item offers a clean silhouette and versatile styling for multiple occasions. This product is generated from image-based attributes and can be refined with additional catalog data.,Fashion Item designed for everyday wear with a modern fashion-forward look.,,,,,,,Fashion Item designed for everyday wear with a modern fashion-forward look.,Fashion Item,,
FD9801506P,FD9801506P-CHERRY,Adult,Cherry,,FD9801506P-CHERRY.jpg,Cherry Fashion Item,Women,"fashion item, cherry, general, fashion",Cherry Fashion Item | Fashion Collection,The cherry fashion item offers a clean silhouette and versatile styling for multiple occasions. This product is generated from image-based attributes and can be refined with additional catalog data.,/products/cherry-fashion-item,Cherry Fashion Item | Fashion Collection,Cherry Fashion Item designed for everyday wear with a modern fashion-forward look.,,,,,,Visible color: Cherry,Product type: Fashion Item,Fashion-forward silhouette,Suitable for styling across seasons,Image-based placeholder attributes (review before publishing),The cherry fashion item offers a clean silhouette and versatile styling for multiple occasions. This product is generated from image-based attributes and c,"fashion item, cherry, general, fashion",Cherry Fashion Item | Fashion Collection,The cherry fashion item offers a clean silhouette and versatile styling for multiple occasions. This product is generated from image-based attributes and can be refined with additional catalog data.,Cherry Fashion Item designed for everyday wear with a modern fashion-forward look.,The cherry fashion item offers a clean silhouette and versatile styling for multiple occasions. This product is generated from image-based attributes and can be refined with additional catalog data.,Cherry Fashion Item designed for everyday wear with a modern fashion-forward look.,,Cherry,,,,,Cherry Fashion Item designed for everyday wear with a modern fashion-forward look.,Cherry Fashion Item,,
FD9801506P,FD9801506P-GINGER,Adult,Ginger,,FD9801506P-GINGER.jpg,Ginger Fashion Item,Women,"fashion item, ginger, general, fashion",Ginger Fashion Item | Fashion Collection,The ginger fashion item offers a clean silhouette and versatile styling for multiple occasions. This product is generated from image-based attributes and can be refined with additional catalog data.,/products/ginger-fashion-item,Ginger Fashion Item | Fashion Collection,Ginger Fashion Item designed for everyday wear with a modern fashion-forward look.,,,,,,Visible color: Ginger,Product type: Fashion Item,Fashion-forward silhouette,Suitable for styling across seasons,Image-based placeholder attributes (review before publishing),The ginger fashion item offers a clean silhouette and versatile styling for multiple occasions. This product is generated from image-based attributes and c,"fashion item, ginger, general, fashion",Ginger Fashion Item | Fashion Collection,The ginger fashion item offers a clean silhouette and versatile styling for multiple occasions. This product is generated from image-based attributes and can be refined with additional catalog data.,Ginger Fashion Item designed for everyday wear with a modern fashion-forward look.,The ginger fashion item offers a clean silhouette and versatile styling for multiple occasions. This product is generated from image-based attributes and can be refined with additional catalog data.,Ginger Fashion Item designed for everyday wear with a modern fashion-forward look.,,Ginger,,,,,Ginger Fashion Item designed for everyday wear with a modern fashion-forward look.,Ginger Fashion Item,,
