OrderNumber,OrderType,OrderStatus,OrderDate,ShipDate,DueDate,BillDate,EtaArrivalDate,EarliestShipDate,LatestShipDate,SignatureFlag,CustomerCode,CustomerName,Terms,TermsDays,Currency,SubTotalAmount,SalesAmount,TotalAmount,TaxableAmount,NonTaxableAmount,TaxRate,TaxAmount,DiscountRate,DiscountAmount,ShippingAmount,ShippingTaxAmount,MiscAmount,MiscTaxAmount,ChargeAndAllowanceAmount,ChannelAmount,PaidAmount,CreditAmount,Balance,DepositAmount,SalesRep,SalesRep2,SalesRep3,SalesRep4,CommissionRate,CommissionRate2,CommissionRate3,CommissionRate4,TotalWeight,ActualWeight,CancelCode,SalesDivision,CustomerSource,Fulfillment Status,Financial Status,AmountRefunded,IsEdi,ShippingCarrier,ShippingClass,MainTrackingNumber,MainReturnTrackingNumber,ChannelNum,ChannelAccountNum,ChannelOrderID,SecondaryChannelOrderID,ShippingAccount,RefNum,CustomerPoNum,Carton,EndBuyerUserID,EndBuyerName,EndBuyerEmail,ShipToName,ShipToFirstName,ShipToLastName,ShipToCompany,ShipToAddressLine1,ShipToAddressLine2,ShipToAddressLine3,ShipToCity,ShipToState,ShipToPostalCode,ShipToCounty,ShipToCountry,ShipToEmail,ShipToDaytimePhone,BillToName,BillToCompany,BillToAddressLine1,BillToAddressLine2,BillToAddressLine3,BillToCity,BillToState,BillToPostalCode,BillToCounty,BillToCountry,BillToEmail,BillToDaytimePhone,Notes,ShippingCode,WarehouseCode,ShipmentID,DepartmentCode,DivisionCode,Seq,ItemDate,SKU,UPC,CustomerSKU,SKUTitle,LotNum,Description,UOM,PackType,PackQty,PackPrice,OrderPack,ShipPack,CancelledPack,OpenPack,OrderQty,ShipQty,CancelledQty,OpenQty,PriceRule,Price,DiscountPrice,ExtAmount,ItemTotalAmount,ShipAmount,CancelledAmount,OpenAmount,Stockable,Taxable,Costable,IsProfit,LotInDate,LotExpDate,DBChannelOrderLineRowID,ItemShippingAmount,ShippingCost,ItemTaxAmount,ItemShippingTaxAmount,ItemDiscountRate,ItemDiscountAmount,ItemNotes,ItemCancelCode,Lineitem fulfillment status,Lineitem taxable,ChannelItemID,EAN,MPN,ExternalBarcode,PodInfo
20260306T-1,1,0,3/6/2026,3/8/2026,4/5/2026,3/6/2026,,,,,Mirakl-Kohls,Mirakl Kohls,,,USD,89.94,,101.58,,,0,0,0,0,11.64,,,,,,0,,101.58,,Eli Grant,Sam Lee,,,,,,,,,,,, , ,,,,,,,10013,10576,10013-260306-000001,,,,,,,,,Mirakl Kohls,Jamie,Clark,Mirakl Kohls,San Jose Warehouse,Dock 1,Primary Ship Address,San Jose,CA,95115,Santa Clara,USA,mirakl-kohls@customers.example.com,(408) 555-2301,Mirakl Kohls,Mirakl Kohls,San Jose Billing Office,Suite 100,Primary Bill Address,San Jose,CA,95114,Santa Clara,USA,mirakl-kohls@customers.example.com,(408) 555-2301,,,,,,,1,3/6/2026,ADELINE-03-GOLD-6.5,,,BUCKLE FRONT FLAT SANDALS,,,EA,,,,,,,,3,0,0,3,,29.98,,89.94,89.94,0,0,89.94,TRUE,TRUE,TRUE,TRUE,,,,,,,,,,,,,,,,,,
20260306T-2,1,0,3/6/2026,3/8/2026,4/5/2026,3/6/2026,,,,,Veeqo-Amazon,Veeqo Amazon,,,USD,106.58,,119.57,,,0,0,0,0,12.99,,,,,,0,,119.57,,Sam Lee,Rina Patel,,,,,,,,,,,, , ,,,,,,,10016,10579,10016-260306-000002,,,,,,,,,Veeqo Amazon,Jamie,Clark,Veeqo Amazon,Irvine Warehouse,Dock 1,Primary Ship Address,Irvine,CA,92603,Orange,USA,veeqo-amazon@customers.example.com,(949) 555-1101,Veeqo Amazon,Veeqo Amazon,Irvine Billing Office,Suite 100,Primary Bill Address,Irvine,CA,92602,Orange,USA,veeqo-amazon@customers.example.com,(949) 555-1101,,,,,,,1,3/6/2026,ADELINE-03-BLUE-6,,,BUCKLE FRONT FLAT SANDALS,,,EA,,,,,,,,2,0,0,2,,53.29,,106.58,106.58,0,0,106.58,TRUE,TRUE,TRUE,TRUE,,,,,,,,,,,,,,,,,,
20260306T-3,1,0,3/6/2026,3/8/2026,4/5/2026,3/6/2026,,,,,Mirakl-Kohls,Mirakl Kohls,,,USD,76.25,,91.54,,,0,0,0,0,15.29,,,,,,0,,91.54,,Eli Grant,Sam Lee,,,,,,,,,,,, , ,,,,,,,10013,10576,10013-260306-000003,,,,,,,,,Mirakl Kohls,Jamie,Clark,Mirakl Kohls,San Jose Warehouse,Dock 1,Primary Ship Address,San Jose,CA,95115,Santa Clara,USA,mirakl-kohls@customers.example.com,(408) 555-2301,Mirakl Kohls,Mirakl Kohls,San Jose Billing Office,Suite 100,Primary Bill Address,San Jose,CA,95114,Santa Clara,USA,mirakl-kohls@customers.example.com,(408) 555-2301,,,,,,,1,3/6/2026,CORA-01-TAUP-7.5,,,CROSS FRONT SANDAL,,,EA,,,,,,,,1,0,0,1,,35.15,,35.15,35.15,0,0,35.15,TRUE,TRUE,TRUE,TRUE,,,,,,,,,,,,,,,,,,
20260306T-3,1,0,3/6/2026,3/8/2026,4/5/2026,3/6/2026,,,,,Mirakl-Kohls,Mirakl Kohls,,,USD,76.25,,91.54,,,0,0,0,0,15.29,,,,,,0,,91.54,,Eli Grant,Sam Lee,,,,,,,,,,,, , ,,,,,,,10013,10576,10013-260306-000003,,,,,,,,,Mirakl Kohls,Jamie,Clark,Mirakl Kohls,San Jose Warehouse,Dock 1,Primary Ship Address,San Jose,CA,95115,Santa Clara,USA,mirakl-kohls@customers.example.com,(408) 555-2301,Mirakl Kohls,Mirakl Kohls,San Jose Billing Office,Suite 100,Primary Bill Address,San Jose,CA,95114,Santa Clara,USA,mirakl-kohls@customers.example.com,(408) 555-2301,,,,,,,2,3/6/2026,FA13501DM-1608BLAU2-28-32,,,Maya Basic Dark Handsand Wash Midrise Skinny Jeans,,,EA,,,,,,,,3,0,0,3,,13.7,,41.1,41.1,0,0,41.1,TRUE,TRUE,TRUE,TRUE,,,,,,,,,,,,,,,,,,
20260306T-4,1,0,3/6/2026,3/8/2026,4/5/2026,3/6/2026,,,,,Walmart-eComm,Walmart eComm,,,USD,130.45,,144.51,,,0,0,0,0,14.06,,,,,,0,,144.51,,Sam Lee,Rina Patel,,,,,,,,,,,, , ,,,,,,,10002,10566,10002-260306-000004,,,,,,,,,Walmart eComm,Morgan,Lee,Walmart eComm,San Francisco Warehouse,Dock 1,Primary Ship Address,San Francisco,CA,94109,San Francisco,USA,walmart-ecomm@customers.example.com,(415) 555-2901,Walmart eComm,Walmart eComm,San Francisco Billing Office,Suite 100,Primary Bill Address,San Francisco,CA,94108,San Francisco,USA,walmart-ecomm@customers.example.com,(415) 555-2901,,,,,,,1,3/6/2026,ADELINE-02-CAMEL-9.5,,,WOVEN SLIDE SANDAL,,,EA,,,,,,,,1,0,0,1,,37.59,,37.59,37.59,0,0,37.59,TRUE,TRUE,TRUE,TRUE,,,,,,,,,,,,,,,,,,
20260306T-4,1,0,3/6/2026,3/8/2026,4/5/2026,3/6/2026,,,,,Walmart-eComm,Walmart eComm,,,USD,130.45,,144.51,,,0,0,0,0,14.06,,,,,,0,,144.51,,Sam Lee,Rina Patel,,,,,,,,,,,, , ,,,,,,,10002,10566,10002-260306-000004,,,,,,,,,Walmart eComm,Morgan,Lee,Walmart eComm,San Francisco Warehouse,Dock 1,Primary Ship Address,San Francisco,CA,94109,San Francisco,USA,walmart-ecomm@customers.example.com,(415) 555-2901,Walmart eComm,Walmart eComm,San Francisco Billing Office,Suite 100,Primary Bill Address,San Francisco,CA,94108,San Francisco,USA,walmart-ecomm@customers.example.com,(415) 555-2901,,,,,,,2,3/6/2026,FA13512DM-1847DPOCN-26-30,,,Angie Stud Bling Pocket Low Rise Skinny Jeans,,,EA,,,,,,,,2,0,0,2,,46.43,,92.86,92.86,0,0,92.86,TRUE,TRUE,TRUE,TRUE,,,,,,,,,,,,,,,,,,
20260306T-5,1,0,3/6/2026,3/8/2026,4/5/2026,3/6/2026,,,,,Macys,Macys,,,USD,123.03,,123.03,,,0,0,0,0,0,,,,,,0,,123.03,,Dana Ross,Eli Grant,,,,,,,,,,,, , ,,,,,,,30005,10574,30005-260306-000005,,,,,,,,,Macys,Taylor,Kim,Macys,San Francisco Warehouse,Dock 1,Primary Ship Address,San Francisco,CA,94107,San Francisco,USA,macys@customers.example.com,(415) 555-2401,Macys,Macys,San Francisco Billing Office,Suite 100,Primary Bill Address,San Francisco,CA,94106,San Francisco,USA,macys@customers.example.com,(415) 555-2401,,,,,,,1,3/6/2026,ADELINE-02-CAMEL-5.5,,,WOVEN SLIDE SANDAL,,,EA,,,,,,,,3,0,0,3,,41.01,,123.03,123.03,0,0,123.03,TRUE,TRUE,TRUE,TRUE,,,,,,,,,,,,,,,,,,
20260306T-6,1,0,3/6/2026,3/8/2026,4/5/2026,3/6/2026,,,,,JCPenney,JCPenney,,,USD,63.91,,64.15,,,0,0,0,0,0.24,,,,,,0,,64.15,,Rina Patel,Dana Ross,,,,,,,,,,,, , ,,,,,,,30007,10575,30007-260306-000006,,,,,,,,,JCPenney,Alex,Reed,JCPenney,San Diego Warehouse,Dock 1,Primary Ship Address,San Diego,CA,92106,San Diego,USA,jcpenney@customers.example.com,(619) 555-2201,JCPenney,JCPenney,San Diego Billing Office,Suite 100,Primary Bill Address,San Diego,CA,92105,San Diego,USA,jcpenney@customers.example.com,(619) 555-2201,,,,,,,1,3/6/2026,CORA-01-CAME-10,,,CROSS FRONT SANDAL,,,EA,,,,,,,,2,0,0,2,,16.74,,33.48,33.48,0,0,33.48,TRUE,TRUE,TRUE,TRUE,,,,,,,,,,,,,,,,,,
20260306T-6,1,0,3/6/2026,3/8/2026,4/5/2026,3/6/2026,,,,,JCPenney,JCPenney,,,USD,63.91,,64.15,,,0,0,0,0,0.24,,,,,,0,,64.15,,Rina Patel,Dana Ross,,,,,,,,,,,, , ,,,,,,,30007,10575,30007-260306-000006,,,,,,,,,JCPenney,Alex,Reed,JCPenney,San Diego Warehouse,Dock 1,Primary Ship Address,San Diego,CA,92106,San Diego,USA,jcpenney@customers.example.com,(619) 555-2201,JCPenney,JCPenney,San Diego Billing Office,Suite 100,Primary Bill Address,San Diego,CA,92105,San Diego,USA,jcpenney@customers.example.com,(619) 555-2201,,,,,,,2,3/6/2026,F13031C-1742VNTGDM-28-STD,,,Cayden Vintage Beujolias Corduroy Skinny Jeans,,,EA,,,,,,,,1,0,0,1,,30.43,,30.43,30.43,0,0,30.43,TRUE,TRUE,TRUE,TRUE,,,,,,,,,,,,,,,,,,
20260306T-7,1,0,3/6/2026,3/8/2026,4/5/2026,3/6/2026,,,,,Veeqo-Amazon,Veeqo Amazon,,,USD,115.42,,117.94,,,0,0,0,0,2.52,,,,,,0,,117.94,,Sam Lee,Rina Patel,,,,,,,,,,,, , ,,,,,,,10016,10579,10016-260306-000007,,,,,,,,,Veeqo Amazon,Jamie,Clark,Veeqo Amazon,Irvine Warehouse,Dock 1,Primary Ship Address,Irvine,CA,92603,Orange,USA,veeqo-amazon@customers.example.com,(949) 555-1101,Veeqo Amazon,Veeqo Amazon,Irvine Billing Office,Suite 100,Primary Bill Address,Irvine,CA,92602,Orange,USA,veeqo-amazon@customers.example.com,(949) 555-1101,,,,,,,1,3/6/2026,ADELINE-02-CAMEL-10,,,WOVEN SLIDE SANDAL,,,EA,,,,,,,,1,0,0,1,,26.65,,26.65,26.65,0,0,26.65,TRUE,TRUE,TRUE,TRUE,,,,,,,,,,,,,,,,,,
20260306T-7,1,0,3/6/2026,3/8/2026,4/5/2026,3/6/2026,,,,,Veeqo-Amazon,Veeqo Amazon,,,USD,115.42,,117.94,,,0,0,0,0,2.52,,,,,,0,,117.94,,Sam Lee,Rina Patel,,,,,,,,,,,, , ,,,,,,,10016,10579,10016-260306-000007,,,,,,,,,Veeqo Amazon,Jamie,Clark,Veeqo Amazon,Irvine Warehouse,Dock 1,Primary Ship Address,Irvine,CA,92603,Orange,USA,veeqo-amazon@customers.example.com,(949) 555-1101,Veeqo Amazon,Veeqo Amazon,Irvine Billing Office,Suite 100,Primary Bill Address,Irvine,CA,92602,Orange,USA,veeqo-amazon@customers.example.com,(949) 555-1101,,,,,,,2,3/6/2026,FA13512DM-1847DPOCN-30-30,,,Angie Stud Bling Pocket Low Rise Skinny Jeans,,,EA,,,,,,,,1,0,0,1,,50.23,,50.23,50.23,0,0,50.23,TRUE,TRUE,TRUE,TRUE,,,,,,,,,,,,,,,,,,
20260306T-7,1,0,3/6/2026,3/8/2026,4/5/2026,3/6/2026,,,,,Veeqo-Amazon,Veeqo Amazon,,,USD,115.42,,117.94,,,0,0,0,0,2.52,,,,,,0,,117.94,,Sam Lee,Rina Patel,,,,,,,,,,,, , ,,,,,,,10016,10579,10016-260306-000007,,,,,,,,,Veeqo Amazon,Jamie,Clark,Veeqo Amazon,Irvine Warehouse,Dock 1,Primary Ship Address,Irvine,CA,92603,Orange,USA,veeqo-amazon@customers.example.com,(949) 555-1101,Veeqo Amazon,Veeqo Amazon,Irvine Billing Office,Suite 100,Primary Bill Address,Irvine,CA,92602,Orange,USA,veeqo-amazon@customers.example.com,(949) 555-1101,,,,,,,3,3/6/2026,ADELINE-02-NUDE-B12,,,WOVEN SLIDE SANDAL,,,EA,,,,,,,,2,0,0,2,,19.27,,38.54,38.54,0,0,38.54,TRUE,TRUE,TRUE,TRUE,,,,,,,,,,,,,,,,,,
20260306T-8,1,0,3/6/2026,3/8/2026,4/5/2026,3/6/2026,,,,,Squarespace,Squarespace,,,USD,105.1,,105.55,,,0,0,0,0,0.45,,,,,,0,,105.55,,Rina Patel,Sam Lee,,,,,,,,,,,, , ,,,,,,,20006,10582,20006-260306-000008,,,,,,,,,Squarespace,Jamie,Clark,Squarespace,San Diego Warehouse,Dock 1,Primary Ship Address,San Diego,CA,92108,San Diego,USA,squarespace@customers.example.com,(619) 555-2701,Squarespace,Squarespace,San Diego Billing Office,Suite 100,Primary Bill Address,San Diego,CA,92107,San Diego,USA,squarespace@customers.example.com,(619) 555-2701,,,,,,,1,3/6/2026,CORA-01-CAME-6,,,CROSS FRONT SANDAL,,,EA,,,,,,,,2,0,0,2,,14.71,,29.42,29.42,0,0,29.42,TRUE,TRUE,TRUE,TRUE,,,,,,,,,,,,,,,,,,
20260306T-8,1,0,3/6/2026,3/8/2026,4/5/2026,3/6/2026,,,,,Squarespace,Squarespace,,,USD,105.1,,105.55,,,0,0,0,0,0.45,,,,,,0,,105.55,,Rina Patel,Sam Lee,,,,,,,,,,,, , ,,,,,,,20006,10582,20006-260306-000008,,,,,,,,,Squarespace,Jamie,Clark,Squarespace,San Diego Warehouse,Dock 1,Primary Ship Address,San Diego,CA,92108,San Diego,USA,squarespace@customers.example.com,(619) 555-2701,Squarespace,Squarespace,San Diego Billing Office,Suite 100,Primary Bill Address,San Diego,CA,92107,San Diego,USA,squarespace@customers.example.com,(619) 555-2701,,,,,,,2,3/6/2026,CAMILA-06-GREEN-12,,,COSS FRONT SLIP ON SLIDES,,,EA,,,,,,,,1,0,0,1,,25.18,,25.18,25.18,0,0,25.18,TRUE,TRUE,TRUE,TRUE,,,,,,,,,,,,,,,,,,
20260306T-8,1,0,3/6/2026,3/8/2026,4/5/2026,3/6/2026,,,,,Squarespace,Squarespace,,,USD,105.1,,105.55,,,0,0,0,0,0.45,,,,,,0,,105.55,,Rina Patel,Sam Lee,,,,,,,,,,,, , ,,,,,,,20006,10582,20006-260306-000008,,,,,,,,,Squarespace,Jamie,Clark,Squarespace,San Diego Warehouse,Dock 1,Primary Ship Address,San Diego,CA,92108,San Diego,USA,squarespace@customers.example.com,(619) 555-2701,Squarespace,Squarespace,San Diego Billing Office,Suite 100,Primary Bill Address,San Diego,CA,92107,San Diego,USA,squarespace@customers.example.com,(619) 555-2701,,,,,,,3,3/6/2026,F13031C-1742VNTGBJ-30-STD,,,Cayden Vintage Beujolias Corduroy Skinny Jeans,,,EA,,,,,,,,2,0,0,2,,25.25,,50.5,50.5,0,0,50.5,TRUE,TRUE,TRUE,TRUE,,,,,,,,,,,,,,,,,,
20260306T-9,1,0,3/6/2026,3/8/2026,4/5/2026,3/6/2026,,,,,Squarespace,Squarespace,,,USD,143.79,,145.68,,,0,0,0,0,1.89,,,,,,0,,145.68,,Rina Patel,Sam Lee,,,,,,,,,,,, , ,,,,,,,20006,10582,20006-260306-000009,,,,,,,,,Squarespace,Jamie,Clark,Squarespace,San Diego Warehouse,Dock 1,Primary Ship Address,San Diego,CA,92108,San Diego,USA,squarespace@customers.example.com,(619) 555-2701,Squarespace,Squarespace,San Diego Billing Office,Suite 100,Primary Bill Address,San Diego,CA,92107,San Diego,USA,squarespace@customers.example.com,(619) 555-2701,,,,,,,1,3/6/2026,CORA-01-BLK-7.5,,,CROSS FRONT SANDAL,,,EA,,,,,,,,1,0,0,1,,33.55,,33.55,33.55,0,0,33.55,TRUE,TRUE,TRUE,TRUE,,,,,,,,,,,,,,,,,,
20260306T-9,1,0,3/6/2026,3/8/2026,4/5/2026,3/6/2026,,,,,Squarespace,Squarespace,,,USD,143.79,,145.68,,,0,0,0,0,1.89,,,,,,0,,145.68,,Rina Patel,Sam Lee,,,,,,,,,,,, , ,,,,,,,20006,10582,20006-260306-000009,,,,,,,,,Squarespace,Jamie,Clark,Squarespace,San Diego Warehouse,Dock 1,Primary Ship Address,San Diego,CA,92108,San Diego,USA,squarespace@customers.example.com,(619) 555-2701,Squarespace,Squarespace,San Diego Billing Office,Suite 100,Primary Bill Address,San Diego,CA,92107,San Diego,USA,squarespace@customers.example.com,(619) 555-2701,,,,,,,2,3/6/2026,FA13501DM-RINSEWSFT-29-30,,,Maya Basic Dark Handsand Wash Midrise Skinny Jeans,,,EA,,,,,,,,2,0,0,2,,24.72,,49.44,49.44,0,0,49.44,TRUE,TRUE,TRUE,TRUE,,,,,,,,,,,,,,,,,,
20260306T-9,1,0,3/6/2026,3/8/2026,4/5/2026,3/6/2026,,,,,Squarespace,Squarespace,,,USD,143.79,,145.68,,,0,0,0,0,1.89,,,,,,0,,145.68,,Rina Patel,Sam Lee,,,,,,,,,,,, , ,,,,,,,20006,10582,20006-260306-000009,,,,,,,,,Squarespace,Jamie,Clark,Squarespace,San Diego Warehouse,Dock 1,Primary Ship Address,San Diego,CA,92108,San Diego,USA,squarespace@customers.example.com,(619) 555-2701,Squarespace,Squarespace,San Diego Billing Office,Suite 100,Primary Bill Address,San Diego,CA,92107,San Diego,USA,squarespace@customers.example.com,(619) 555-2701,,,,,,,3,3/6/2026,CAMILA-06-NUDE-10,,,COSS FRONT SLIP ON SLIDES,,,EA,,,,,,,,1,0,0,1,,60.8,,60.8,60.8,0,0,60.8,TRUE,TRUE,TRUE,TRUE,,,,,,,,,,,,,,,,,,
20260306T-10,1,0,3/6/2026,3/8/2026,4/5/2026,3/6/2026,,,,,Shopify,Shopify,,,USD,87.92,,91.27,,,0,0,0,0,3.35,,,,,,0,,91.27,,Eli Grant,Dana Ross,,,,,,,,,,,, , ,,,,,,,20001,10580,20001-260306-000010,,,,,,,,,Shopify,Alex,Reed,Shopify,Irvine Warehouse,Dock 1,Primary Ship Address,Irvine,CA,92609,Orange,USA,shopify@customers.example.com,(949) 555-2601,Shopify,Shopify,Irvine Billing Office,Suite 100,Primary Bill Address,Irvine,CA,92608,Orange,USA,shopify@customers.example.com,(949) 555-2601,,,,,,,1,3/6/2026,ADELINE-03-BLUE-A12,,,BUCKLE FRONT FLAT SANDALS,,,EA,,,,,,,,2,0,0,2,,19.42,,38.84,38.84,0,0,38.84,TRUE,TRUE,TRUE,TRUE,,,,,,,,,,,,,,,,,,
20260306T-10,1,0,3/6/2026,3/8/2026,4/5/2026,3/6/2026,,,,,Shopify,Shopify,,,USD,87.92,,91.27,,,0,0,0,0,3.35,,,,,,0,,91.27,,Eli Grant,Dana Ross,,,,,,,,,,,, , ,,,,,,,20001,10580,20001-260306-000010,,,,,,,,,Shopify,Alex,Reed,Shopify,Irvine Warehouse,Dock 1,Primary Ship Address,Irvine,CA,92609,Orange,USA,shopify@customers.example.com,(949) 555-2601,Shopify,Shopify,Irvine Billing Office,Suite 100,Primary Bill Address,Irvine,CA,92608,Orange,USA,shopify@customers.example.com,(949) 555-2601,,,,,,,2,3/6/2026,FA13512DM-1847DPOCN-28-30,,,Angie Stud Bling Pocket Low Rise Skinny Jeans,,,EA,,,,,,,,4,0,0,4,,12.27,,49.08,49.08,0,0,49.08,TRUE,TRUE,TRUE,TRUE,,,,,,,,,,,,,,,,,,
20260306T-11,1,0,3/6/2026,3/8/2026,4/5/2026,3/6/2026,,,,,Magento,Magento,,,USD,46.59,,63.85,,,0,0,0,0,17.26,,,,,,0,,63.85,,Sam Lee,Rina Patel,,,,,,,,,,,, , ,,,,,,,20003,10581,20003-260306-000011,,,,,,,,,Magento,Morgan,Lee,Magento,Los Angeles Warehouse,Dock 1,Primary Ship Address,Los Angeles,CA,90008,Los Angeles,USA,magento@customers.example.com,(213) 555-2501,Magento,Magento,Los Angeles Billing Office,Suite 100,Primary Bill Address,Los Angeles,CA,90007,Los Angeles,USA,magento@customers.example.com,(213) 555-2501,,,,,,,1,3/6/2026,173451-1183CITIZEN-21-STD,,,Susan Stretch Denim Skinny Jeans Medium Blue 5 Pocket Wash,,,EA,,,,,,,,3,0,0,3,,15.53,,46.59,46.59,0,0,46.59,TRUE,TRUE,TRUE,TRUE,,,,,,,,,,,,,,,,,,
20260306T-12,1,0,3/6/2026,3/8/2026,4/5/2026,3/6/2026,,,,,Etsy-VS,Etsy VS,,,USD,68.26,,69.63,,,0,0,0,0,1.37,,,,,,0,,69.63,,Rina Patel,Dana Ross,,,,,,,,,,,, , ,,,,,,,10008,10572,10008-260306-000012,,,,,,,,,Etsy VS,Jamie,Clark,Etsy VS,Los Angeles Warehouse,Dock 1,Primary Ship Address,Los Angeles,CA,90004,Los Angeles,USA,etsy-vs@customers.example.com,(213) 555-1501,Etsy VS,Etsy VS,Los Angeles Billing Office,Suite 100,Primary Bill Address,Los Angeles,CA,90003,Los Angeles,USA,etsy-vs@customers.example.com,(213) 555-1501,,,,,,,1,3/6/2026,AVIANA-06-WHITE-8,,,FUR SLIPPER,,,EA,,,,,,,,2,0,0,2,,19.37,,38.74,38.74,0,0,38.74,TRUE,TRUE,TRUE,TRUE,,,,,,,,,,,,,,,,,,
20260306T-12,1,0,3/6/2026,3/8/2026,4/5/2026,3/6/2026,,,,,Etsy-VS,Etsy VS,,,USD,68.26,,69.63,,,0,0,0,0,1.37,,,,,,0,,69.63,,Rina Patel,Dana Ross,,,,,,,,,,,, , ,,,,,,,10008,10572,10008-260306-000012,,,,,,,,,Etsy VS,Jamie,Clark,Etsy VS,Los Angeles Warehouse,Dock 1,Primary Ship Address,Los Angeles,CA,90004,Los Angeles,USA,etsy-vs@customers.example.com,(213) 555-1501,Etsy VS,Etsy VS,Los Angeles Billing Office,Suite 100,Primary Bill Address,Los Angeles,CA,90003,Los Angeles,USA,etsy-vs@customers.example.com,(213) 555-1501,,,,,,,2,3/6/2026,AVIANA-06-WHITE-9,,,FUR SLIPPER,,,EA,,,,,,,,2,0,0,2,,14.76,,29.52,29.52,0,0,29.52,TRUE,TRUE,TRUE,TRUE,,,,,,,,,,,,,,,,,,
20260306T-13,1,0,3/6/2026,3/8/2026,4/5/2026,3/6/2026,,,,,Veeqo-Amazon,Veeqo Amazon,,,USD,78.51,,82.85,,,0,0,0,0,4.34,,,,,,0,,82.85,,Sam Lee,Rina Patel,,,,,,,,,,,, , ,,,,,,,10016,10579,10016-260306-000013,,,,,,,,,Veeqo Amazon,Jamie,Clark,Veeqo Amazon,Irvine Warehouse,Dock 1,Primary Ship Address,Irvine,CA,92603,Orange,USA,veeqo-amazon@customers.example.com,(949) 555-1101,Veeqo Amazon,Veeqo Amazon,Irvine Billing Office,Suite 100,Primary Bill Address,Irvine,CA,92602,Orange,USA,veeqo-amazon@customers.example.com,(949) 555-1101,,,,,,,1,3/6/2026,CORA-01-FUCH-8,,,CROSS FRONT SANDAL,,,EA,,,,,,,,3,0,0,3,,26.17,,78.51,78.51,0,0,78.51,TRUE,TRUE,TRUE,TRUE,,,,,,,,,,,,,,,,,,
20260306T-14,1,0,3/6/2026,3/8/2026,4/5/2026,3/6/2026,,,,,Squarespace,Squarespace,,,USD,68.84,,75.54,,,0,0,0,0,6.7,,,,,,0,,75.54,,Rina Patel,Sam Lee,,,,,,,,,,,, , ,,,,,,,20006,10582,20006-260306-000014,,,,,,,,,Squarespace,Jamie,Clark,Squarespace,San Diego Warehouse,Dock 1,Primary Ship Address,San Diego,CA,92108,San Diego,USA,squarespace@customers.example.com,(619) 555-2701,Squarespace,Squarespace,San Diego Billing Office,Suite 100,Primary Bill Address,San Diego,CA,92107,San Diego,USA,squarespace@customers.example.com,(619) 555-2701,,,,,,,1,3/6/2026,ADELINE-03-BLUE-5.5,,,BUCKLE FRONT FLAT SANDALS,,,EA,,,,,,,,2,0,0,2,,19.54,,39.08,39.08,0,0,39.08,TRUE,TRUE,TRUE,TRUE,,,,,,,,,,,,,,,,,,
20260306T-14,1,0,3/6/2026,3/8/2026,4/5/2026,3/6/2026,,,,,Squarespace,Squarespace,,,USD,68.84,,75.54,,,0,0,0,0,6.7,,,,,,0,,75.54,,Rina Patel,Sam Lee,,,,,,,,,,,, , ,,,,,,,20006,10582,20006-260306-000014,,,,,,,,,Squarespace,Jamie,Clark,Squarespace,San Diego Warehouse,Dock 1,Primary Ship Address,San Diego,CA,92108,San Diego,USA,squarespace@customers.example.com,(619) 555-2701,Squarespace,Squarespace,San Diego Billing Office,Suite 100,Primary Bill Address,San Diego,CA,92107,San Diego,USA,squarespace@customers.example.com,(619) 555-2701,,,,,,,2,3/6/2026,FA13512DM-1847DPOCN-28-30,,,Angie Stud Bling Pocket Low Rise Skinny Jeans,,,EA,,,,,,,,2,0,0,2,,14.88,,29.76,29.76,0,0,29.76,TRUE,TRUE,TRUE,TRUE,,,,,,,,,,,,,,,,,,
20260306T-15,1,0,3/6/2026,3/8/2026,4/5/2026,3/6/2026,,,,,Shopify,Shopify,,,USD,69.74,,72.34,,,0,0,0,0,2.6,,,,,,0,,72.34,,Eli Grant,Dana Ross,,,,,,,,,,,, , ,,,,,,,20001,10580,20001-260306-000015,,,,,,,,,Shopify,Alex,Reed,Shopify,Irvine Warehouse,Dock 1,Primary Ship Address,Irvine,CA,92609,Orange,USA,shopify@customers.example.com,(949) 555-2601,Shopify,Shopify,Irvine Billing Office,Suite 100,Primary Bill Address,Irvine,CA,92608,Orange,USA,shopify@customers.example.com,(949) 555-2601,,,,,,,1,3/6/2026,CORA-01-YLW-5.5,,,CROSS FRONT SANDAL,,,EA,,,,,,,,1,0,0,1,,69.74,,69.74,69.74,0,0,69.74,TRUE,TRUE,TRUE,TRUE,,,,,,,,,,,,,,,,,,
20260306T-16,1,0,3/6/2026,3/8/2026,4/5/2026,3/6/2026,,,,,Veeqo-Amazon,Veeqo Amazon,,,USD,96.82,,114.82,,,0,0,0,0,18,,,,,,0,,114.82,,Sam Lee,Rina Patel,,,,,,,,,,,, , ,,,,,,,10016,10579,10016-260306-000016,,,,,,,,,Veeqo Amazon,Jamie,Clark,Veeqo Amazon,Irvine Warehouse,Dock 1,Primary Ship Address,Irvine,CA,92603,Orange,USA,veeqo-amazon@customers.example.com,(949) 555-1101,Veeqo Amazon,Veeqo Amazon,Irvine Billing Office,Suite 100,Primary Bill Address,Irvine,CA,92602,Orange,USA,veeqo-amazon@customers.example.com,(949) 555-1101,,,,,,,1,3/6/2026,FA13501DM-1464KINGSC-29-30,,,Maya Basic Dark Handsand Wash Midrise Skinny Jeans,,,EA,,,,,,,,3,0,0,3,,21.94,,65.82,65.82,0,0,65.82,TRUE,TRUE,TRUE,TRUE,,,,,,,,,,,,,,,,,,
20260306T-16,1,0,3/6/2026,3/8/2026,4/5/2026,3/6/2026,,,,,Veeqo-Amazon,Veeqo Amazon,,,USD,96.82,,114.82,,,0,0,0,0,18,,,,,,0,,114.82,,Sam Lee,Rina Patel,,,,,,,,,,,, , ,,,,,,,10016,10579,10016-260306-000016,,,,,,,,,Veeqo Amazon,Jamie,Clark,Veeqo Amazon,Irvine Warehouse,Dock 1,Primary Ship Address,Irvine,CA,92603,Orange,USA,veeqo-amazon@customers.example.com,(949) 555-1101,Veeqo Amazon,Veeqo Amazon,Irvine Billing Office,Suite 100,Primary Bill Address,Irvine,CA,92602,Orange,USA,veeqo-amazon@customers.example.com,(949) 555-1101,,,,,,,2,3/6/2026,ASTRID-01-NUDE-8,,,SLIP ON SNEAKER,,,EA,,,,,,,,1,0,0,1,,31,,31,31,0,0,31,TRUE,TRUE,TRUE,TRUE,,,,,,,,,,,,,,,,,,
20260306T-17,1,0,3/6/2026,3/8/2026,4/5/2026,3/6/2026,,,,,Mirakl-Kohls,Mirakl Kohls,,,USD,99.87,,107.56,,,0,0,0,0,7.69,,,,,,0,,107.56,,Eli Grant,Sam Lee,,,,,,,,,,,, , ,,,,,,,10013,10576,10013-260306-000017,,,,,,,,,Mirakl Kohls,Jamie,Clark,Mirakl Kohls,San Jose Warehouse,Dock 1,Primary Ship Address,San Jose,CA,95115,Santa Clara,USA,mirakl-kohls@customers.example.com,(408) 555-2301,Mirakl Kohls,Mirakl Kohls,San Jose Billing Office,Suite 100,Primary Bill Address,San Jose,CA,95114,Santa Clara,USA,mirakl-kohls@customers.example.com,(408) 555-2301,,,,,,,1,3/6/2026,FA16023WV-MIDNIGHTBLUE-XS-STD,,,Olivia Woven GGT Midnight Blue Kimono Wrap Maxi Dress,,,EA,,,,,,,,3,0,0,3,,12.8,,38.4,38.4,0,0,38.4,TRUE,TRUE,TRUE,TRUE,,,,,,,,,,,,,,,,,,
20260306T-17,1,0,3/6/2026,3/8/2026,4/5/2026,3/6/2026,,,,,Mirakl-Kohls,Mirakl Kohls,,,USD,99.87,,107.56,,,0,0,0,0,7.69,,,,,,0,,107.56,,Eli Grant,Sam Lee,,,,,,,,,,,, , ,,,,,,,10013,10576,10013-260306-000017,,,,,,,,,Mirakl Kohls,Jamie,Clark,Mirakl Kohls,San Jose Warehouse,Dock 1,Primary Ship Address,San Jose,CA,95115,Santa Clara,USA,mirakl-kohls@customers.example.com,(408) 555-2301,Mirakl Kohls,Mirakl Kohls,San Jose Billing Office,Suite 100,Primary Bill Address,San Jose,CA,95114,Santa Clara,USA,mirakl-kohls@customers.example.com,(408) 555-2301,,,,,,,2,3/6/2026,ADELINE-03-BROWN-5.5,,,BUCKLE FRONT FLAT SANDALS,,,EA,,,,,,,,3,0,0,3,,20.49,,61.47,61.47,0,0,61.47,TRUE,TRUE,TRUE,TRUE,,,,,,,,,,,,,,,,,,
20260306T-18,1,0,3/6/2026,3/8/2026,4/5/2026,3/6/2026,,,,,Macys,Macys,,,USD,44.67,,62.5,,,0,0,0,0,17.83,,,,,,0,,62.5,,Dana Ross,Eli Grant,,,,,,,,,,,, , ,,,,,,,30005,10574,30005-260306-000018,,,,,,,,,Macys,Taylor,Kim,Macys,San Francisco Warehouse,Dock 1,Primary Ship Address,San Francisco,CA,94107,San Francisco,USA,macys@customers.example.com,(415) 555-2401,Macys,Macys,San Francisco Billing Office,Suite 100,Primary Bill Address,San Francisco,CA,94106,San Francisco,USA,macys@customers.example.com,(415) 555-2401,,,,,,,1,3/6/2026,FA13501DM-1608BLAU2-30-32,,,Maya Basic Dark Handsand Wash Midrise Skinny Jeans,,,EA,,,,,,,,1,0,0,1,,44.67,,44.67,44.67,0,0,44.67,TRUE,TRUE,TRUE,TRUE,,,,,,,,,,,,,,,,,,
20260306T-19,1,0,3/6/2026,3/8/2026,4/5/2026,3/6/2026,,,,,Squarespace,Squarespace,,,USD,76.52,,86.43,,,0,0,0,0,9.91,,,,,,0,,86.43,,Rina Patel,Sam Lee,,,,,,,,,,,, , ,,,,,,,20006,10582,20006-260306-000019,,,,,,,,,Squarespace,Jamie,Clark,Squarespace,San Diego Warehouse,Dock 1,Primary Ship Address,San Diego,CA,92108,San Diego,USA,squarespace@customers.example.com,(619) 555-2701,Squarespace,Squarespace,San Diego Billing Office,Suite 100,Primary Bill Address,San Diego,CA,92107,San Diego,USA,squarespace@customers.example.com,(619) 555-2701,,,,,,,1,3/6/2026,FA13501DM-1464KINGSC-29-30,,,Maya Basic Dark Handsand Wash Midrise Skinny Jeans,,,EA,,,,,,,,2,0,0,2,,38.26,,76.52,76.52,0,0,76.52,TRUE,TRUE,TRUE,TRUE,,,,,,,,,,,,,,,,,,
20260306T-20,1,0,3/6/2026,3/8/2026,4/5/2026,3/6/2026,,,,,Veeqo-Amazon,Veeqo Amazon,,,USD,68.08,,83.01,,,0,0,0,0,14.93,,,,,,0,,83.01,,Sam Lee,Rina Patel,,,,,,,,,,,, , ,,,,,,,10016,10579,10016-260306-000020,,,,,,,,,Veeqo Amazon,Jamie,Clark,Veeqo Amazon,Irvine Warehouse,Dock 1,Primary Ship Address,Irvine,CA,92603,Orange,USA,veeqo-amazon@customers.example.com,(949) 555-1101,Veeqo Amazon,Veeqo Amazon,Irvine Billing Office,Suite 100,Primary Bill Address,Irvine,CA,92602,Orange,USA,veeqo-amazon@customers.example.com,(949) 555-1101,,,,,,,1,3/6/2026,ADELINE-02-NUDE-12,,,WOVEN SLIDE SANDAL,,,EA,,,,,,,,2,0,0,2,,34.04,,68.08,68.08,0,0,68.08,TRUE,TRUE,TRUE,TRUE,,,,,,,,,,,,,,,,,,
